id,shares
0,1786
1,2235
2,1429
3,1411
4,1781
5,1159
6,1322
7,1789
8,1535
9,2420
10,1584
11,1212
12,1996
13,1684
14,991
15,1316
16,1495
17,1099
18,1872
19,2553
20,1160
21,1679
22,1169
23,1607
24,2275
25,1462
26,1503
27,2374
28,1019
29,1719
30,2262
31,1073
32,1934
33,1272
34,1708
35,1511
36,1837
37,1787
38,1211
39,3129
40,1066
41,1158
42,1507
43,2148
44,1205
45,2487
46,1260
47,1487
48,1785
49,1287
50,1604
51,1938
52,1700
53,1599
54,1280
55,1727
56,1483
57,1398
58,1014
59,1545
60,1223
61,2380
62,1639
63,1252
64,1677
65,3147
66,1029
67,1569
68,1249
69,1596
70,1816
71,1706
72,1944
73,1741
74,2511
75,2091
76,1585
77,1257
78,2535
79,1288
80,1466
81,1850
82,1895
83,1570
84,1495
85,1202
86,2041
87,1232
88,1515
89,1939
90,1048
91,1345
92,1376
93,1542
94,1390
95,1691
96,1509
97,2413
98,1404
99,2102
100,1172
101,1256
102,1059
103,1778
104,1334
105,1801
106,1296
107,1937
108,2233
109,1288
110,2190
111,1020
112,2235
113,1786
114,1799
115,2120
116,1826
117,2688
118,1092
119,1184
120,1546
121,1455
122,1516
123,1218
124,2262
125,1638
126,1094
127,1504
128,1515
129,2632
130,1170
131,1500
132,1228
133,1926
134,1876
135,1640
136,1782
137,1605
138,1823
139,2889
140,1520
141,1721
142,2137
143,1179
144,1354
145,1421
146,2125
147,1684
148,1476
149,1600
150,1772
151,1166
152,1702
153,2295
154,1640
155,1017
156,1525
157,1214
158,1441
159,1565
160,1348
161,1404
162,985
163,1379
164,2054
165,1409
166,1253
167,2058
168,1514
169,1706
170,1916
171,1445
172,1172
173,2319
174,1644
175,2609
176,1710
177,1154
178,2541
179,1131
180,1798
181,1770
182,1509
183,1705
184,1677
185,1993
186,1948
187,1249
188,1098
189,1918
190,1162
191,2824
192,2554
193,2070
194,1142
195,1472
196,1307
197,1095
198,1599
199,994
200,1686
201,1561
202,1502
203,1292
204,2037
205,1267
206,1240
207,1593
208,1303
209,2022
210,1409
211,2125
212,1331
213,1684
214,1534
215,1537
216,1135
217,1464
218,1846
219,1410
220,1292
221,1041
222,1176
223,996
224,2067
225,1260
226,1422
227,1639
228,1737
229,2103
230,1526
231,1366
232,1857
233,1520
234,1782
235,1433
236,1767
237,1153
238,1920
239,1215
240,1624
241,2384
242,1344
243,1306
244,1501
245,1727
246,1513
247,978
248,1563
249,1036
250,2050
251,1696
252,1230
253,1268
254,2002
255,1652
256,1998
257,1857
258,1555
259,2227
260,2106
261,1570
262,1794
263,1265
264,1001
265,2233
266,2249
267,2351
268,2186
269,1135
270,1225
271,1166
272,1821
273,2907
274,883
275,1941
276,1081
277,1754
278,2395
279,1202
280,2277
281,1285
282,2110
283,1503
284,1491
285,1587
286,2383
287,1811
288,1674
289,1076
290,1180
291,1619
292,1437
293,2090
294,1136
295,1080
296,1756
297,1759
298,1563
299,1389
300,1677
301,1987
302,1080
303,2435
304,1991
305,2430
306,1729
307,1407
308,1773
309,1230
310,1264
311,1720
312,1145
313,2667
314,1172
315,2459
316,1155
317,1833
318,1560
319,2216
320,1416
321,1605
322,2516
323,1824
324,1847
325,1091
326,1779
327,1455
328,1301
329,1486
330,1300
331,1355
332,1171
333,2224
334,1439
335,1246
336,2298
337,2288
338,1673
339,1300
340,1995
341,1111
342,1882
343,1900
344,1457
345,1328
346,2334
347,1611
348,1272
349,988
350,1728
351,1385
352,1480
353,1050
354,1303
355,1328
356,1077
357,1576
358,1817
359,1231
360,1452
361,3422
362,1973
363,1577
364,1541
365,1893
366,1582
367,1641
368,1665
369,1102
370,1461
371,1665
372,1510
373,1160
374,1464
375,2415
376,1095
377,1107
378,2200
379,1213
380,2021
381,1858
382,1142
383,1647
384,1478
385,1417
386,1642
387,2004
388,1848
389,2015
390,1270
391,2356
392,1834
393,1428
394,1601
395,1709
396,1483
397,2959
398,1321
399,1839
400,1125
401,1368
402,1075
403,1425
404,2381
405,1390
406,1637
407,1154
408,2101
409,1649
410,1654
411,956
412,1187
413,1281
414,967
415,1227
416,1663
417,2617
418,1231
419,1658
420,1545
421,1178
422,1048
423,1375
424,1719
425,1702
426,1232
427,1545
428,1560
429,1235
430,1817
431,2060
432,2273
433,1591
434,1528
435,1655
436,2374
437,1703
438,2143
439,1857
440,1783
441,1259
442,2008
443,1681
444,1685
445,1865
446,1727
447,1411
448,1203
449,1334
450,1512
451,1185
452,1281
453,1502
454,2503
455,1162
456,1446
457,1608
458,1446
459,1418
460,1800
461,1745
462,1645
463,1870
464,1311
465,1945
466,1801
467,1573
468,1451
469,1387
470,1267
471,1899
472,2269
473,1634
474,2031
475,1653
476,1435
477,1183
478,1428
479,1497
480,1039
481,1533
482,1692
483,1434
484,1246
485,1427
486,2268
487,1924
488,2169
489,1435
490,1461
491,1566
492,1167
493,1300
494,1804
495,1433
496,1724
497,1094
498,1052
499,1288
500,1573
501,1223
502,1760
503,861
504,1414
505,2370
506,1901
507,2371
508,2000
509,1779
510,1576
511,1914
512,1418
513,3878
514,1242
515,1412
516,858
517,1472
518,1125
519,2097
520,1483
521,2464
522,1218
523,1517
524,1598
525,2446
526,1662
527,1764
528,1938
529,1125
530,1089
531,1872
532,2046
533,1307
534,2405
535,901
536,1825
537,1777
538,2663
539,1750
540,1495
541,1260
542,1826
543,1006
544,1886
545,1835
546,1159
547,1175
548,2168
549,1878
550,909
551,1171
552,1558
553,1145
554,1611
555,2195
556,1215
557,1501
558,1671
559,1182
560,1433
561,1230
562,1274
563,1515
564,1684
565,1299
566,1187
567,1420
568,1688
569,1454
570,976
571,1262
572,1325
573,1360
574,1018
575,1106
576,1308
577,1226
578,1498
579,1215
580,1580
581,1014
582,1763
583,1160
584,1737
585,1958
586,1297
587,3242
588,1888
589,988
590,1540
591,1012
592,1671
593,1354
594,2189
595,1418
596,1223
597,1336
598,1406
599,1451
600,949
601,2257
602,1026
603,1086
604,1304
605,1534
606,1389
607,2276
608,1310
609,1917
610,1301
611,1639
612,1506
613,1021
614,1624
615,1305
616,1294
617,1471
618,1641
619,1259
620,1643
621,1254
622,1399
623,1190
624,1132
625,1225
626,1338
627,1664
628,1560
629,2561
630,1430
631,2075
632,1086
633,1318
634,1241
635,1049
636,1252
637,1135
638,1815
639,1875
640,1008
641,1575
642,1749
643,1712
644,1446
645,1402
646,1701
647,1993
648,2851
649,882
650,1244
651,1266
652,1872
653,1674
654,1044
655,1062
656,1277
657,2551
658,1391
659,1917
660,1377
661,2115
662,1581
663,1803
664,2044
665,1745
666,1174
667,1864
668,849
669,847
670,1562
671,1224
672,1407
673,1262
674,1377
675,1318
676,1270
677,1222
678,1202
679,1463
680,1387
681,1875
682,2086
683,1020
684,868
685,1319
686,1072
687,1260
688,1116
689,1558
690,1548
691,2054
692,1154
693,2788
694,1080
695,1642
696,1008
697,2148
698,1473
699,1128
700,1529
701,1167
702,1465
703,2201
704,1272
705,1599
706,1290
707,1262
708,1211
709,1285
710,1314
711,1932
712,1497
713,1558
714,1355
715,1212
716,1638
717,1129
718,1255
719,1273
720,1318
721,2124
722,931
723,1950
724,2238
725,1628
726,931
727,1401
728,964
729,2383
730,1803
731,2762
732,1290
733,1428
734,1777
735,2440
736,1532
737,1972
738,1667
739,2387
740,1369
741,2007
742,1404
743,1672
744,2463
745,1538
746,1526
747,720
748,1294
749,1708
750,1481
751,1102
752,1717
753,1420
754,1161
755,1389
756,1569
757,1534
758,1873
759,1591
760,2129
761,2229
762,1809
763,1473
764,1771
765,2718
766,2337
767,1029
768,1386
769,1333
770,1498
771,1265
772,1150
773,1046
774,1161
775,1496
776,1987
777,1234
778,2123
779,1039
780,1541
781,1224
782,1728
783,1080
784,1976
785,1200
786,1570
787,1375
788,1288
789,2426
790,2346
791,1488
792,1266
793,1716
794,1307
795,1383
796,1726
797,1864
798,2203
799,1095
800,1512
801,1708
802,1358
803,1213
804,1847
805,1250
806,1174
807,1199
808,1808
809,1402
810,1409
811,2443
812,1681
813,1768
814,2179
815,1775
816,1448
817,1595
818,1962
819,1488
820,1492
821,1693
822,1627
823,3102
824,1949
825,933
826,1706
827,1678
828,1137
829,1806
830,2021
831,1139
832,1781
833,1077
834,1415
835,2431
836,1580
837,1968
838,1236
839,2981
840,1426
841,1839
842,1670
843,1312
844,2404
845,1853
846,1901
847,1389
848,1314
849,1671
850,1117
851,1725
852,1392
853,1687
854,1800
855,1695
856,1899
857,1445
858,1840
859,1184
860,1733
861,1379
862,1694
863,1781
864,2586
865,1282
866,1907
867,1896
868,2533
869,1625
870,1407
871,1247
872,1043
873,1184
874,2397
875,1468
876,1391
877,2090
878,1324
879,1367
880,941
881,1181
882,1597
883,1332
884,1336
885,1347
886,1783
887,2535
888,2358
889,1542
890,2201
891,1219
892,1717
893,2354
894,2234
895,1334
896,1057
897,2220
898,2276
899,1955
900,1207
901,1290
902,1380
903,981
904,1924
905,1170
906,1294
907,1690
908,1345
909,2524
910,1684
911,1625
912,2060
913,1282
914,1750
915,1287
916,1063
917,2646
918,1557
919,1529
920,1510
921,1794
922,1298
923,1103
924,1816
925,928
926,1425
927,1284
928,2072
929,1116
930,1558
931,1293
932,2293
933,1789
934,1452
935,1722
936,1800
937,1189
938,1240
939,1348
940,2058
941,1507
942,1592
943,2178
944,1091
945,950
946,1981
947,1358
948,2216
949,1381
950,1509
951,2813
952,1794
953,2351
954,1580
955,1796
956,1410
957,1334
958,1620
959,2588
960,1886
961,1361
962,1692
963,1622
964,1544
965,1121
966,1038
967,2778
968,1094
969,1781
970,1698
971,865
972,1219
973,1214
974,1531
975,1240
976,2200
977,2855
978,1524
979,1581
980,1515
981,1681
982,2925
983,1832
984,1640
985,1787
986,2123
987,1525
988,1502
989,1752
990,2230
991,2162
992,2844
993,2137
994,1506
995,2896
996,1314
997,831
998,1338
999,1894
1000,1614
1001,1296
1002,1144
1003,1923
1004,1131
1005,1980
1006,1261
1007,1757
1008,2353
1009,1964
1010,2665
1011,1359
1012,1195
1013,1851
1014,1482
1015,2540
1016,1459
1017,1717
1018,1079
1019,1411
1020,1629
1021,1284
1022,1783
1023,1123
1024,1597
1025,1362
1026,1550
1027,1305
1028,1773
1029,2153
1030,1507
1031,1356
1032,1580
1033,1246
1034,1186
1035,1651
1036,981
1037,621
1038,1853
1039,1895
1040,1804
1041,2055
1042,2160
1043,1954
1044,1408
1045,2631
1046,2034
1047,1241
1048,1380
1049,1232
1050,1587
1051,1755
1052,1608
1053,1499
1054,950
1055,1097
1056,1019
1057,2037
1058,3384
1059,1513
1060,1060
1061,1649
1062,985
1063,1800
1064,1315
1065,1888
1066,2086
1067,2707
1068,1903
1069,1047
1070,1591
1071,1516
1072,1421
1073,1210
1074,1872
1075,1123
1076,1142
1077,950
1078,1932
1079,1317
1080,1237
1081,1461
1082,1300
1083,1242
1084,1191
1085,1627
1086,1254
1087,1122
1088,1255
1089,1599
1090,1036
1091,1802
1092,1691
1093,1185
1094,981
1095,1453
1096,1115
1097,2359
1098,1943
1099,1086
1100,1214
1101,1397
1102,1514
1103,1391
1104,1386
1105,1403
1106,1599
1107,1307
1108,2569
1109,2244
1110,1271
1111,2923
1112,3051
1113,1532
1114,1420
1115,1063
1116,1919
1117,1342
1118,1486
1119,2024
1120,1517
1121,1260
1122,1843
1123,1174
1124,1580
1125,1157
1126,1570
1127,1855
1128,1390
1129,1084
1130,1344
1131,1734
1132,1488
1133,1124
1134,1112
1135,1750
1136,1293
1137,1653
1138,1698
1139,1135
1140,1663
1141,1183
1142,1766
1143,1587
1144,1426
1145,1633
1146,1548
1147,1339
1148,1540
1149,1408
1150,2175
1151,1664
1152,1456
1153,1126
1154,1385
1155,1411
1156,1585
1157,1943
1158,1259
1159,947
1160,1812
1161,1386
1162,1404
1163,1249
1164,1300
1165,1521
1166,1720
1167,1978
1168,2748
1169,976
1170,1043
1171,1921
1172,2020
1173,1746
1174,1411
1175,1727
1176,1358
1177,981
1178,1155
1179,1177
1180,1836
1181,1300
1182,1458
1183,989
1184,1182
1185,1907
1186,1680
1187,3185
1188,1244
1189,1529
1190,1769
1191,1645
1192,1110
1193,1411
1194,1247
1195,1644
1196,1601
1197,1095
1198,989
1199,1074
1200,1126
1201,967
1202,2224
1203,1135
1204,1729
1205,1742
1206,1550
1207,1463
1208,1336
1209,2093
1210,1182
1211,1596
1212,1253
1213,1879
1214,1124
1215,2474
1216,1811
1217,1996
1218,2022
1219,1618
1220,2259
1221,1735
1222,1015
1223,1570
1224,2366
1225,953
1226,1276
1227,2889
1228,1618
1229,1308
1230,1581
1231,2064
1232,1047
1233,1982
1234,1257
1235,1834
1236,1093
1237,1634
1238,1521
1239,1544
1240,1391
1241,1894
1242,1785
1243,1804
1244,1294
1245,948
1246,1827
1247,1845
1248,1623
1249,1746
1250,1036
1251,1740
1252,2015
1253,2052
1254,1520
1255,3107
1256,1636
1257,2380
1258,2447
1259,2268
1260,991
1261,1323
1262,3743
1263,1867
1264,1956
1265,1619
1266,1324
1267,1780
1268,1637
1269,2180
1270,1307
1271,2356
1272,1603
1273,1645
1274,1616
1275,1432
1276,1580
1277,1086
1278,1276
1279,1912
1280,1036
1281,1354
1282,1501
1283,1548
1284,1240
1285,1303
1286,1791
1287,1255
1288,2056
1289,1192
1290,1062
1291,1520
1292,1070
1293,1028
1294,1335
1295,2144
1296,2129
1297,1703
1298,2160
1299,903
1300,1595
1301,1707
1302,1642
1303,1247
1304,1894
1305,1444
1306,1229
1307,2126
1308,1551
1309,1662
1310,2091
1311,1146
1312,1188
1313,1718
1314,1259
1315,1360
1316,2255
1317,2151
1318,2402
1319,1910
1320,1859
1321,1723
1322,1310
1323,1365
1324,1400
1325,912
1326,1115
1327,1199
1328,1391
1329,1813
1330,1811
1331,1440
1332,1133
1333,1249
1334,1799
1335,1182
1336,1434
1337,1118
1338,2783
1339,1176
1340,1538
1341,1304
1342,2123
1343,2077
1344,1479
1345,1650
1346,2181
1347,1430
1348,1214
1349,1185
1350,2167
1351,1647
1352,1256
1353,2131
1354,1077
1355,1491
1356,1345
1357,1266
1358,1122
1359,1567
1360,1203
1361,2272
1362,1786
1363,1213
1364,2021
1365,2247
1366,1331
1367,1260
1368,2498
1369,1193
1370,1132
1371,1391
1372,1104
1373,1723
1374,2096
1375,1065
1376,1461
1377,1992
1378,1617
1379,1308
1380,1514
1381,1479
1382,1786
1383,1858
1384,1099
1385,1278
1386,1464
1387,925
1388,1085
1389,1537
1390,1625
1391,2167
1392,731
1393,1888
1394,1235
1395,845
1396,1813
1397,1056
1398,1644
1399,912
1400,2174
1401,1030
1402,1904
1403,1271
1404,1552
1405,1156
1406,1858
1407,1516
1408,2432
1409,1146
1410,1933
1411,1131
1412,1254
1413,1696
1414,1316
1415,1845
1416,1261
1417,1763
1418,1676
1419,1700
1420,1567
1421,1203
1422,1865
1423,1184
1424,1418
1425,1370
1426,1735
1427,1200
1428,1478
1429,1946
1430,1787
1431,1569
1432,1635
1433,1585
1434,1833
1435,2872
1436,1593
1437,1299
1438,1529
1439,1408
1440,1671
1441,2009
1442,1416
1443,1339
1444,1978
1445,1709
1446,1609
1447,1762
1448,1206
1449,3123
1450,1440
1451,1292
1452,1192
1453,1105
1454,1668
1455,1307
1456,1148
1457,1207
1458,2006
1459,1429
1460,1371
1461,1680
1462,1143
1463,1154
1464,1775
1465,1078
1466,2095
1467,1280
1468,1110
1469,1609
1470,2091
1471,1929
1472,1289
1473,1292
1474,1102
1475,2338
1476,1245
1477,1181
1478,1529
1479,2615
1480,1770
1481,1388
1482,1511
1483,1658
1484,1551
1485,1317
1486,1012
1487,2017
1488,2025
1489,1282
1490,2199
1491,1324
1492,2521
1493,1563
1494,1731
1495,879
1496,2797
1497,2104
1498,1863
1499,1776
1500,1110
1501,1560
1502,1536
1503,1570
1504,1481
1505,1610
1506,1513
1507,1694
1508,1582
1509,1480
1510,1488
1511,1883
1512,1836
1513,2137
1514,1966
1515,1645
1516,1932
1517,2378
1518,1154
1519,2032
1520,1251
1521,1947
1522,1615
1523,1677
1524,1229
1525,1330
1526,1660
1527,1639
1528,1545
1529,1010
1530,1988
1531,1286
1532,932
1533,2108
1534,936
1535,1373
1536,2102
1537,1421
1538,1247
1539,1354
1540,934
1541,1655
1542,1970
1543,1341
1544,1516
1545,2059
1546,1407
1547,1516
1548,1321
1549,1019
1550,1272
1551,2038
1552,1338
1553,2948
1554,2084
1555,1220
1556,1895
1557,1231
1558,1309
1559,1568
1560,1135
1561,1768
1562,2009
1563,2347
1564,1436
1565,1988
1566,1497
1567,1432
1568,2073
1569,1841
1570,1302
1571,1027
1572,1339
1573,1554
1574,2329
1575,1840
1576,1577
1577,2134
1578,1716
1579,1008
1580,1012
1581,2182
1582,1140
1583,1770
1584,1614
1585,2520
1586,2269
1587,1855
1588,1429
1589,1600
1590,1855
1591,1637
1592,2219
1593,2486
1594,1496
1595,1932
1596,1822
1597,1479
1598,1208
1599,1907
1600,1826
1601,1745
1602,1736
1603,1179
1604,1189
1605,1527
1606,1225
1607,2018
1608,1382
1609,1364
1610,1668
1611,1311
1612,2115
1613,2434
1614,1128
1615,2581
1616,1426
1617,1599
1618,1744
1619,2111
1620,1869
1621,2026
1622,1302
1623,1416
1624,1338
1625,1850
1626,2323
1627,1373
1628,2393
1629,1863
1630,1386
1631,1383
1632,1536
1633,985
1634,1170
1635,1021
1636,1677
1637,1672
1638,1096
1639,1066
1640,1683
1641,1074
1642,1520
1643,1824
1644,1403
1645,2369
1646,1411
1647,1162
1648,1210
1649,1585
1650,1107
1651,1237
1652,982
1653,2507
1654,1412
1655,1770
1656,1856
1657,1615
1658,1169
1659,1771
1660,1916
1661,1681
1662,1157
1663,1849
1664,1368
1665,1662
1666,1718
1667,1488
1668,2466
1669,1216
1670,1157
1671,2226
1672,1062
1673,1487
1674,1343
1675,1729
1676,1698
1677,1735
1678,2560
1679,1265
1680,1466
1681,1061
1682,1369
1683,2074
1684,1871
1685,1280
1686,1821
1687,1284
1688,1280
1689,2303
1690,1251
1691,2413
1692,999
1693,1265
1694,1374
1695,1564
1696,1409
1697,1347
1698,2074
1699,652
1700,1281
1701,1210
1702,1118
1703,2278
1704,1426
1705,1343
1706,1381
1707,1714
1708,1253
1709,1796
1710,1227
1711,1605
1712,3011
1713,1959
1714,1149
1715,2311
1716,1807
1717,1349
1718,1301
1719,2466
1720,1436
1721,2405
1722,2799
1723,1414
1724,1194
1725,1501
1726,2073
1727,1537
1728,1348
1729,1669
1730,1495
1731,1310
1732,1505
1733,1539
1734,1109
1735,1082
1736,1210
1737,2274
1738,1286
1739,1597
1740,1372
1741,2274
1742,1662
1743,1322
1744,1575
1745,2361
1746,1515
1747,2015
1748,1064
1749,1436
1750,1938
1751,1396
1752,1930
1753,1872
1754,1399
1755,882
1756,1457
1757,2138
1758,1940
1759,2085
1760,2092
1761,1432
1762,2198
1763,1621
1764,1423
1765,1090
1766,1083
1767,1256
1768,1661
1769,2299
1770,1655
1771,1393
1772,1685
1773,1855
1774,1947
1775,1764
1776,1313
1777,2488
1778,1313
1779,2332
1780,1938
1781,1906
1782,1092
1783,2002
1784,1950
1785,1433
1786,1076
1787,2767
1788,1128
1789,2300
1790,2002
1791,2269
1792,1117
1793,2241
1794,1670
1795,1277
1796,1135
1797,2127
1798,1255
1799,1297
1800,1118
1801,3023
1802,1709
1803,1365
1804,1056
1805,1324
1806,1426
1807,1171
1808,1373
1809,1037
1810,1233
1811,1296
1812,2002
1813,2106
1814,1350
1815,1437
1816,1523
1817,1469
1818,1434
1819,1136
1820,1303
1821,1836
1822,1011
1823,1263
1824,1002
1825,1761
1826,1607
1827,1297
1828,1423
1829,1201
1830,1580
1831,2068
1832,2307
1833,1898
1834,1382
1835,1115
1836,2359
1837,1565
1838,1460
1839,1382
1840,1056
1841,2388
1842,1013
1843,1966
1844,2562
1845,2145
1846,1199
1847,1629
1848,1697
1849,1264
1850,1473
1851,2112
1852,941
1853,1258
1854,2439
1855,1927
1856,2041
1857,2068
1858,3248
1859,1126
1860,1172
1861,1006
1862,1674
1863,2304
1864,1641
1865,1167
1866,1828
1867,1658
1868,1548
1869,2608
1870,1676
1871,1892
1872,1261
1873,1118
1874,2387
1875,2966
1876,1154
1877,1300
1878,1807
1879,1229
1880,1237
1881,1193
1882,1067
1883,1635
1884,2028
1885,1857
1886,1132
1887,2109
1888,1307
1889,1486
1890,1323
1891,1049
1892,1439
1893,1084
1894,1214
1895,1301
1896,1543
1897,1515
1898,1607
1899,1748
1900,2021
1901,2025
1902,1110
1903,1895
1904,1943
1905,1300
1906,1041
1907,1284
1908,1966
1909,1163
1910,1355
1911,1283
1912,2616
1913,1499
1914,2064
1915,1064
1916,1016
1917,2082
1918,2104
1919,1652
1920,1037
1921,1575
1922,1300
1923,2566
1924,1953
1925,1432
1926,2374
1927,963
1928,1184
1929,1606
1930,1469
1931,1303
1932,1921
1933,1479
1934,2173
1935,1175
1936,2390
1937,2410
1938,1734
1939,1850
1940,982
1941,1559
1942,1030
1943,1235
1944,1508
1945,1944
1946,1590
1947,1386
1948,1196
1949,2315
1950,1555
1951,1687
1952,1299
1953,2366
1954,1435
1955,1594
1956,1539
1957,1417
1958,1634
1959,1933
1960,2419
1961,1758
1962,1461
1963,1177
1964,1923
1965,1686
1966,1352
1967,1569
1968,1247
1969,1063
1970,1502
1971,1000
1972,1180
1973,1595
1974,1776
1975,1442
1976,1330
1977,2008
1978,1419
1979,1734
1980,1773
1981,1222
1982,2382
1983,2071
1984,4691
1985,942
1986,1290
1987,1954
1988,1114
1989,946
1990,2139
1991,1773
1992,1748
1993,1394
1994,1539
1995,1080
1996,1430
1997,1096
1998,1514
1999,1158
2000,1837
2001,1970
2002,1187
2003,1265
2004,1501
2005,1544
2006,1287
2007,2160
2008,1551
2009,1403
2010,1370
2011,1511
2012,2100
2013,958
2014,1327
2015,1005
2016,2023
2017,3296
2018,1689
2019,1704
2020,1122
2021,1120
2022,1520
2023,1372
2024,2264
2025,997
2026,1052
2027,910
2028,1452
2029,1035
2030,1397
2031,1803
2032,1444
2033,1304
2034,1222
2035,1978
2036,2057
2037,2121
2038,1786
2039,2646
2040,1926
2041,1634
2042,1574
2043,1829
2044,1848
2045,1996
2046,2229
2047,1073
2048,1269
2049,2488
2050,2272
2051,1739
2052,1744
2053,2821
2054,1657
2055,2150
2056,2437
2057,2662
2058,1666
2059,1237
2060,1960
2061,1512
2062,1669
2063,1943
2064,1096
2065,1019
2066,1138
2067,1153
2068,1850
2069,1317
2070,1209
2071,990
2072,2207
2073,1279
2074,1906
2075,1192
2076,1949
2077,1387
2078,1904
2079,1291
2080,1143
2081,1456
2082,1568
2083,1813
2084,1791
2085,1131
2086,1323
2087,1303
2088,1314
2089,1467
2090,2016
2091,1654
2092,1223
2093,2325
2094,2086
2095,1473
2096,1459
2097,1563
2098,1551
2099,1118
2100,2238
2101,1377
2102,3012
2103,1283
2104,2109
2105,1924
2106,1300
2107,1075
2108,1520
2109,1261
2110,1159
2111,1172
2112,1977
2113,1634
2114,2042
2115,2494
2116,1693
2117,2075
2118,1608
2119,1256
2120,947
2121,1775
2122,1221
2123,1686
2124,1384
2125,1228
2126,1831
2127,1570
2128,1779
2129,1315
2130,2112
2131,1545
2132,1725
2133,956
2134,1424
2135,1005
2136,1761
2137,1141
2138,1750
2139,1275
2140,1612
2141,1078
2142,1309
2143,1823
2144,1314
2145,1259
2146,1324
2147,1684
2148,1100
2149,1316
2150,1303
2151,939
2152,1205
2153,1495
2154,1883
2155,2739
2156,1689
2157,1685
2158,1542
2159,856
2160,1701
2161,1762
2162,2485
2163,1563
2164,1811
2165,1337
2166,2079
2167,2102
2168,2707
2169,1411
2170,1315
2171,2194
2172,1981
2173,1549
2174,1628
2175,1330
2176,1895
2177,1246
2178,2046
2179,1391
2180,2448
2181,1604
2182,1518
2183,1349
2184,1790
2185,1328
2186,1557
2187,1482
2188,1217
2189,2118
2190,1738
2191,1294
2192,1740
2193,1062
2194,2397
2195,1232
2196,1381
2197,1357
2198,2485
2199,1972
2200,1512
2201,1555
2202,1421
2203,1212
2204,1439
2205,2618
2206,1852
2207,1518
2208,1812
2209,1783
2210,1051
2211,1513
2212,2857
2213,1168
2214,1945
2215,1206
2216,1314
2217,2140
2218,1844
2219,1519
2220,1656
2221,2150
2222,1640
2223,2082
2224,1987
2225,1317
2226,1302
2227,1525
2228,949
2229,859
2230,1376
2231,3657
2232,2000
2233,1492
2234,1968
2235,1134
2236,1724
2237,2057
2238,1289
2239,1663
2240,1197
2241,1247
2242,1197
2243,1402
2244,1336
2245,2036
2246,2458
2247,1304
2248,1134
2249,1519
2250,1498
2251,2059
2252,1252
2253,1899
2254,1157
2255,1345
2256,1416
2257,1251
2258,1472
2259,2818
2260,2201
2261,1734
2262,1175
2263,1820
2264,1361
2265,1586
2266,1137
2267,1908
2268,1290
2269,1361
2270,1018
2271,2272
2272,1524
2273,1285
2274,917
2275,1331
2276,1589
2277,1869
2278,1368
2279,1144
2280,1883
2281,1482
2282,1892
2283,1521
2284,1108
2285,1452
2286,2010
2287,1167
2288,1478
2289,1197
2290,1933
2291,1310
2292,1404
2293,1471
2294,919
2295,2122
2296,1151
2297,1715
2298,1063
2299,2514
2300,1827
2301,1736
2302,1342
2303,1222
2304,1288
2305,1922
2306,1703
2307,1076
2308,1966
2309,1589
2310,1205
2311,1569
2312,1216
2313,2776
2314,1650
2315,1189
2316,1718
2317,1615
2318,1958
2319,1205
2320,1773
2321,960
2322,1453
2323,1812
2324,1678
2325,2009
2326,1661
2327,2124
2328,1122
2329,2006
2330,1658
2331,1265
2332,1823
2333,2498
2334,1606
2335,1632
2336,1850
2337,2111
2338,2229
2339,1771
2340,2866
2341,1411
2342,1030
2343,2107
2344,1968
2345,1094
2346,1435
2347,921
2348,2045
2349,1051
2350,1418
2351,1149
2352,1256
2353,1635
2354,2032
2355,1778
2356,1633
2357,1349
2358,1616
2359,1292
2360,1921
2361,1256
2362,2022
2363,1338
2364,1531
2365,1735
2366,1364
2367,1449
2368,1320
2369,1428
2370,1275
2371,1347
2372,1235
2373,1884
2374,1413
2375,1112
2376,1644
2377,1255
2378,1251
2379,1429
2380,1959
2381,1512
2382,1402
2383,2236
2384,1115
2385,1246
2386,1754
2387,1764
2388,2505
2389,1386
2390,919
2391,2511
2392,1417
2393,1668
2394,2037
2395,904
2396,2292
2397,1371
2398,1129
2399,1585
2400,1643
2401,1566
2402,1170
2403,1097
2404,1341
2405,1824
2406,1122
2407,1908
2408,1230
2409,1976
2410,1495
2411,1607
2412,2217
2413,1702
2414,1713
2415,1472
2416,1449
2417,1004
2418,1753
2419,2000
2420,1564
2421,1731
2422,1358
2423,1250
2424,1113
2425,1338
2426,1002
2427,1748
2428,1619
2429,1372
2430,1665
2431,1048
2432,1837
2433,1356
2434,2570
2435,1395
2436,2809
2437,1601
2438,2152
2439,1272
2440,1922
2441,1502
2442,1383
2443,1761
2444,1277
2445,1884
2446,1987
2447,1439
2448,2467
2449,1463
2450,1531
2451,1305
2452,1401
2453,1281
2454,1807
2455,1894
2456,1404
2457,2226
2458,1790
2459,1485
2460,1343
2461,1778
2462,888
2463,2327
2464,1522
2465,1661
2466,1528
2467,1430
2468,1228
2469,1151
2470,1785
2471,1949
2472,1264
2473,1680
2474,1772
2475,1190
2476,1657
2477,2088
2478,1113
2479,2331
2480,2041
2481,1396
2482,1308
2483,1243
2484,1163
2485,1330
2486,1494
2487,1050
2488,2163
2489,1264
2490,1087
2491,2037
2492,1196
2493,1651
2494,1242
2495,2264
2496,934
2497,1691
2498,1343
2499,1465
2500,1012
2501,2315
2502,1912
2503,1424
2504,1554
2505,1919
2506,1759
2507,1523
2508,1690
2509,1404
2510,1158
2511,1559
2512,1776
2513,1981
2514,1323
2515,2460
2516,1600
2517,1374
2518,1378
2519,1826
2520,1282
2521,1564
2522,1745
2523,1564
2524,1328
2525,970
2526,2086
2527,1279
2528,1665
2529,1802
2530,2692
2531,1793
2532,1386
2533,1135
2534,2709
2535,1325
2536,1069
2537,1735
2538,1649
2539,1433
2540,1563
2541,1358
2542,1829
2543,1165
2544,1105
2545,1379
2546,2169
2547,1246
2548,1101
2549,1142
2550,1596
2551,1391
2552,3231
2553,1715
2554,1406
2555,1050
2556,1641
2557,2586
2558,1536
2559,1271
2560,1612
2561,1762
2562,1689
2563,1232
2564,1291
2565,965
2566,1223
2567,1417
2568,2247
2569,1317
2570,2097
2571,2561
2572,1890
2573,1701
2574,1047
2575,1095
2576,1410
2577,1092
2578,1837
2579,1245
2580,1729
2581,1459
2582,961
2583,1388
2584,1220
2585,1702
2586,1894
2587,1467
2588,962
2589,1719
2590,1685
2591,2221
2592,2126
2593,1476
2594,1655
2595,1527
2596,1373
2597,1341
2598,1258
2599,1995
2600,1579
2601,1405
2602,1423
2603,1358
2604,1392
2605,1312
2606,1783
2607,357
2608,1942
2609,1198
2610,1705
2611,3222
2612,2087
2613,1037
2614,1290
2615,1472
2616,2219
2617,2054
2618,1340
2619,2553
2620,1271
2621,1754
2622,1284
2623,1237
2624,2063
2625,2992
2626,1465
2627,1687
2628,1566
2629,1627
2630,1326
2631,1742
2632,931
2633,1223
2634,1479
2635,1428
2636,1395
2637,1625
2638,1905
2639,1936
2640,1478
2641,1245
2642,2109
2643,1395
2644,2132
2645,1294
2646,2395
2647,2265
2648,1136
2649,1390
2650,2303
2651,1063
2652,3252
2653,1437
2654,1250
2655,2148
2656,1449
2657,1325
2658,2329
2659,1286
2660,1358
2661,1631
2662,1717
2663,1465
2664,1596
2665,1332
2666,1356
2667,2200
2668,2288
2669,1944
2670,988
2671,1591
2672,1180
2673,1517
2674,1913
2675,1212
2676,1882
2677,1460
2678,1824
2679,2455
2680,1125
2681,1772
2682,1196
2683,1373
2684,1114
2685,1110
2686,1782
2687,1531
2688,1969
2689,1400
2690,1936
2691,1693
2692,1493
2693,1339
2694,1195
2695,1279
2696,1252
2697,1517
2698,1522
2699,1667
2700,1357
2701,797
2702,2433
2703,1402
2704,1379
2705,1255
2706,1599
2707,2809
2708,1864
2709,1351
2710,1015
2711,1126
2712,1247
2713,2085
2714,1095
2715,1068
2716,1152
2717,1517
2718,1353
2719,1781
2720,1258
2721,1081
2722,1867
2723,3036
2724,1551
2725,2046
2726,1239
2727,1362
2728,1819
2729,1609
2730,2101
2731,949
2732,1628
2733,1842
2734,1658
2735,1237
2736,1642
2737,1179
2738,1288
2739,2225
2740,1987
2741,1010
2742,1386
2743,1303
2744,1148
2745,1797
2746,1393
2747,1229
2748,2372
2749,2149
2750,1589
2751,1260
2752,1626
2753,2033
2754,1113
2755,1852
2756,941
2757,1836
2758,2418
2759,2088
2760,1892
2761,1322
2762,2303
2763,1699
2764,1206
2765,2120
2766,1393
2767,876
2768,1952
2769,1010
2770,2966
2771,1697
2772,1082
2773,1151
2774,1842
2775,2139
2776,1077
2777,1555
2778,1134
2779,1302
2780,1284
2781,1659
2782,2589
2783,1463
2784,1346
2785,1753
2786,1646
2787,1968
2788,1094
2789,1149
2790,1230
2791,1152
2792,1077
2793,1426
2794,2070
2795,1091
2796,960
2797,1215
2798,1833
2799,1223
2800,1297
2801,865
2802,2023
2803,1357
2804,2059
2805,1854
2806,1480
2807,1694
2808,1202
2809,2446
2810,1638
2811,1273
2812,1517
2813,1699
2814,1197
2815,1261
2816,1038
2817,2038
2818,1773
2819,1560
2820,1626
2821,1710
2822,2529
2823,1107
2824,1008
2825,1201
2826,1432
2827,1102
2828,1241
2829,1940
2830,1337
2831,2090
2832,1719
2833,1280
2834,1584
2835,2070
2836,2421
2837,1400
2838,1238
2839,1883
2840,1153
2841,1824
2842,1229
2843,1783
2844,1785
2845,2402
2846,1124
2847,1169
2848,1311
2849,1696
2850,1062
2851,1881
2852,1753
2853,1429
2854,1029
2855,1235
2856,2072
2857,2173
2858,1461
2859,2177
2860,1343
2861,2525
2862,814
2863,1167
2864,1292
2865,1121
2866,1254
2867,1702
2868,2154
2869,1591
2870,1190
2871,2295
2872,1760
2873,1386
2874,1079
2875,2245
2876,1346
2877,2071
2878,2165
2879,1215
2880,969
2881,2187
2882,1379
2883,1140
2884,2366
2885,1835
2886,1100
2887,1847
2888,1479
2889,1190
2890,1571
2891,1334
2892,1126
2893,1289
2894,1441
2895,1450
2896,1449
2897,1379
2898,1042
2899,1492
2900,2669
2901,1362
2902,1957
2903,1869
2904,1643
2905,1346
2906,2549
2907,1314
2908,1696
2909,1646
2910,2192
2911,1791
2912,1716
2913,1324
2914,1459
2915,1940
2916,1242
2917,1055
2918,1784
2919,1331
2920,1658
2921,1362
2922,928
2923,1349
2924,1211
2925,1323
2926,1036
2927,1443
2928,1136
2929,2137
2930,1346
2931,2083
2932,1340
2933,1775
2934,1646
2935,2630
2936,1464
2937,1125
2938,1631
2939,1188
2940,1610
2941,1704
2942,1872
2943,1040
2944,2070
2945,2142
2946,2117
2947,1771
2948,1964
2949,2234
2950,1797
2951,1015
2952,1616
2953,1330
2954,2087
2955,1666
2956,1501
2957,3202
2958,1314
2959,1988
2960,1260
2961,1339
2962,1314
2963,1083
2964,1494
2965,1686
2966,977
2967,1313
2968,1165
2969,1558
2970,1622
2971,1100
2972,1002
2973,2145
2974,1810
2975,1338
2976,1778
2977,1525
2978,1772
2979,1802
2980,3231
2981,1141
2982,1393
2983,1323
2984,2372
2985,1541
2986,2077
2987,1531
2988,1152
2989,1271
2990,2281
2991,1895
2992,1006
2993,1687
2994,1931
2995,2090
2996,1839
2997,1480
2998,2861
2999,1602
3000,963
3001,1838
3002,1871
3003,1358
3004,1477
3005,1458
3006,1058
3007,1655
3008,1315
3009,2087
3010,2552
3011,1895
3012,2324
3013,1388
3014,1165
3015,2552
3016,2095
3017,2291
3018,2024
3019,2721
3020,1591
3021,2619
3022,2870
3023,988
3024,1272
3025,2079
3026,1985
3027,1090
3028,1761
3029,2368
3030,3313
3031,1918
3032,1586
3033,1317
3034,1534
3035,1546
3036,2040
3037,1607
3038,1157
3039,1383
3040,2003
3041,2042
3042,2012
3043,1588
3044,1587
3045,1498
3046,1489
3047,1543
3048,2392
3049,1222
3050,2054
3051,2453
3052,1401
3053,1616
3054,2070
3055,1633
3056,2837
3057,1772
3058,1202
3059,1221
3060,1641
3061,1255
3062,1328
3063,1721
3064,1524
3065,1351
3066,1138
3067,1494
3068,2082
3069,1829
3070,1161
3071,1710
3072,1173
3073,2029
3074,1007
3075,1822
3076,1872
3077,1159
3078,1461
3079,1198
3080,1917
3081,1435
3082,2017
3083,1637
3084,1865
3085,1431
3086,1830
3087,1608
3088,1489
3089,1247
3090,1108
3091,1142
3092,2041
3093,1313
3094,1593
3095,2421
3096,1370
3097,1606
3098,1443
3099,1496
3100,1181
3101,1349
3102,948
3103,1583
3104,2604
3105,1849
3106,1737
3107,1526
3108,1575
3109,1246
3110,1752
3111,1436
3112,1638
3113,2186
3114,1594
3115,1883
3116,965
3117,1222
3118,1418
3119,1196
3120,1262
3121,1677
3122,2082
3123,1847
3124,1368
3125,869
3126,1813
3127,933
3128,1661
3129,898
3130,1430
3131,1734
3132,1638
3133,1773
3134,1303
3135,1439
3136,1602
3137,2419
3138,1117
3139,1102
3140,1012
3141,1311
3142,2332
3143,2198
3144,1673
3145,1859
3146,1255
3147,1426
3148,1813
3149,1480
3150,1389
3151,2143
3152,1240
3153,1805
3154,1798
3155,1069
3156,1164
3157,1334
3158,1391
3159,1156
3160,1716
3161,1242
3162,1567
3163,2222
3164,1336
3165,1034
3166,1976
3167,1123
3168,1751
3169,1281
3170,1612
3171,2092
3172,1954
3173,1804
3174,1095
3175,966
3176,1131
3177,2744
3178,3089
3179,2130
3180,1847
3181,1882
3182,1231
3183,1280
3184,1378
3185,2333
3186,1992
3187,1397
3188,1438
3189,1333
3190,1285
3191,1351
3192,2663
3193,2213
3194,1409
3195,1299
3196,1294
3197,1872
3198,1180
3199,1449
3200,1540
3201,2624
3202,1459
3203,1301
3204,2120
3205,995
3206,1298
3207,2589
3208,1276
3209,1924
3210,1228
3211,1239
3212,2356
3213,1150
3214,1568
3215,2418
3216,1034
3217,1181
3218,1474
3219,2715
3220,1896
3221,1497
3222,1213
3223,1063
3224,1743
3225,1261
3226,1228
3227,1610
3228,2454
3229,2048
3230,1672
3231,1736
3232,1025
3233,936
3234,1321
3235,1397
3236,2051
3237,2561
3238,1434
3239,2235
3240,1721
3241,1118
3242,894
3243,1245
3244,1150
3245,1695
3246,1061
3247,1504
3248,1501
3249,1910
3250,1058
3251,1294
3252,1622
3253,1659
3254,1549
3255,1621
3256,1220
3257,2810
3258,538
3259,1193
3260,1680
3261,1408
3262,1748
3263,1462
3264,1389
3265,872
3266,1506
3267,1397
3268,1592
3269,2474
3270,1153
3271,2318
3272,1774
3273,1732
3274,1945
3275,1455
3276,1873
3277,1071
3278,1412
3279,2301
3280,1371
3281,1358
3282,1714
3283,2401
3284,1976
3285,1836
3286,1533
3287,1437
3288,1461
3289,1994
3290,1473
3291,1856
3292,1281
3293,1469
3294,1802
3295,2247
3296,1715
3297,1874
3298,868
3299,1176
3300,1566
3301,1064
3302,2471
3303,2092
3304,1697
3305,1120
3306,1353
3307,2450
3308,1421
3309,1525
3310,1449
3311,1329
3312,2094
3313,1154
3314,1276
3315,1634
3316,2293
3317,2525
3318,914
3319,1946
3320,1736
3321,1277
3322,2067
3323,1828
3324,1272
3325,1037
3326,1185
3327,1841
3328,1109
3329,1602
3330,1983
3331,1210
3332,1473
3333,888
3334,2001
3335,1041
3336,1811
3337,2003
3338,2023
3339,1812
3340,1302
3341,1423
3342,1104
3343,2193
3344,1165
3345,2542
3346,1423
3347,1772
3348,3381
3349,2101
3350,1482
3351,979
3352,1386
3353,1588
3354,1559
3355,1934
3356,1915
3357,1342
3358,1945
3359,1443
3360,2088
3361,1566
3362,1234
3363,2100
3364,1639
3365,1008
3366,1962
3367,1153
3368,2181
3369,2093
3370,2051
3371,1937
3372,1669
3373,1674
3374,1021
3375,1133
3376,1507
3377,2000
3378,1549
3379,1218
3380,2289
3381,1392
3382,1087
3383,1072
3384,991
3385,1525
3386,1797
3387,1452
3388,1546
3389,2474
3390,1669
3391,2011
3392,1431
3393,1039
3394,1669
3395,1332
3396,2242
3397,1992
3398,1939
3399,1160
3400,1692
3401,2992
3402,1549
3403,1406
3404,2558
3405,1551
3406,2270
3407,1772
3408,1756
3409,1232
3410,989
3411,1719
3412,1370
3413,1930
3414,1081
3415,1791
3416,2034
3417,1269
3418,1738
3419,1279
3420,1550
3421,2328
3422,1760
3423,1774
3424,1779
3425,1782
3426,1141
3427,2285
3428,1014
3429,1185
3430,1456
3431,2950
3432,1628
3433,1343
3434,1871
3435,1348
3436,2081
3437,1890
3438,2083
3439,1461
3440,1244
3441,1656
3442,998
3443,2135
3444,1522
3445,1610
3446,1733
3447,387
3448,1181
3449,1077
3450,2264
3451,1403
3452,1036
3453,1329
3454,2118
3455,1988
3456,2175
3457,982
3458,1162
3459,1497
3460,1368
3461,1731
3462,1032
3463,1123
3464,1712
3465,1272
3466,1152
3467,1177
3468,1867
3469,1122
3470,1322
3471,2436
3472,2162
3473,777
3474,1335
3475,1401
3476,1823
3477,1188
3478,894
3479,943
3480,1330
3481,1625
3482,2181
3483,1439
3484,1299
3485,1839
3486,1196
3487,2405
3488,2480
3489,2121
3490,759
3491,1321
3492,1512
3493,1697
3494,1241
3495,1527
3496,2166
3497,2768
3498,2274
3499,1047
3500,1459
3501,1625
3502,2328
3503,1481
3504,1779
3505,1569
3506,1294
3507,1183
3508,1188
3509,2250
3510,2119
3511,1401
3512,1298
3513,1612
3514,1550
3515,1841
3516,1817
3517,1430
3518,2065
3519,1544
3520,2160
3521,1213
3522,1356
3523,1897
3524,1984
3525,1257
3526,1193
3527,1567
3528,1367
3529,1502
3530,1808
3531,1758
3532,1473
3533,1488
3534,1272
3535,1089
3536,1885
3537,1593
3538,1616
3539,2412
3540,1542
3541,1397
3542,1182
3543,1441
3544,973
3545,2219
3546,1527
3547,1385
3548,1339
3549,1411
3550,2031
3551,1258
3552,1666
3553,1758
3554,1456
3555,1177
3556,2146
3557,1902
3558,1271
3559,1617
3560,1796
3561,1750
3562,1477
3563,2290
3564,1380
3565,826
3566,1388
3567,1647
3568,1224
3569,1828
3570,1121
3571,1695
3572,1190
3573,1361
3574,2305
3575,1727
3576,2424
3577,2874
3578,2164
3579,1740
3580,2094
3581,1812
3582,1016
3583,1718
3584,1864
3585,1669
3586,1412
3587,1290
3588,1113
3589,2599
3590,1236
3591,1777
3592,994
3593,1957
3594,954
3595,1837
3596,1091
3597,959
3598,1952
3599,3429
3600,1812
3601,1939
3602,2366
3603,2386
3604,1899
3605,1257
3606,1412
3607,1008
3608,1458
3609,1379
3610,1430
3611,1396
3612,1573
3613,1422
3614,1354
3615,1830
3616,1488
3617,1143
3618,1055
3619,3900
3620,1616
3621,1461
3622,1393
3623,1115
3624,1822
3625,1829
3626,2584
3627,2043
3628,1182
3629,1550
3630,922
3631,1421
3632,1101
3633,1454
3634,1411
3635,1368
3636,2147
3637,1246
3638,2178
3639,1488
3640,1709
3641,1073
3642,2192
3643,1310
3644,1877
3645,1154
3646,1164
3647,1478
3648,1794
3649,1030
3650,2442
3651,1528
3652,1359
3653,1760
3654,950
3655,1553
3656,1857
3657,2361
3658,1968
3659,2364
3660,1821
3661,1499
3662,1095
3663,1749
3664,1950
3665,1538
3666,2001
3667,1606
3668,1639
3669,1294
3670,2437
3671,1150
3672,2205
3673,1012
3674,2209
3675,1757
3676,1342
3677,1923
3678,1552
3679,1683
3680,1687
3681,2440
3682,2548
3683,1867
3684,1348
3685,1842
3686,1621
3687,1702
3688,1105
3689,1191
3690,1418
3691,1512
3692,1649
3693,1022
3694,1238
3695,1332
3696,1696
3697,1531
3698,934
3699,1560
3700,1415
3701,1150
3702,1400
3703,1123
3704,1467
3705,1673
3706,1438
3707,1759
3708,1429
3709,2018
3710,1605
3711,1301
3712,2247
3713,1752
3714,1483
3715,825
3716,1136
3717,2039
3718,985
3719,1403
3720,1101
3721,1882
3722,1157
3723,1743
3724,2128
3725,1271
3726,2286
3727,963
3728,1278
3729,1201
3730,1656
3731,1649
3732,1550
3733,2079
3734,1325
3735,1536
3736,1620
3737,1095
3738,1388
3739,1127
3740,2192
3741,1508
3742,1840
3743,1503
3744,1384
3745,1609
3746,1259
3747,1492
3748,1560
3749,1680
3750,1538
3751,1777
3752,1356
3753,2019
3754,1818
3755,1393
3756,2164
3757,2077
3758,1402
3759,1369
3760,1685
3761,1552
3762,1462
3763,1796
3764,860
3765,1603
3766,1068
3767,1220
3768,1711
3769,1372
3770,1613
3771,1782
3772,877
3773,886
3774,1288
3775,1498
3776,1167
3777,1158
3778,2037
3779,1337
3780,1094
3781,1732
3782,1895
3783,839
3784,1500
3785,1076
3786,1203
3787,1371
3788,2802
3789,1333
3790,1036
3791,1261
3792,1777
3793,1299
3794,1410
3795,997
3796,1236
3797,1654
3798,1219
3799,1517
3800,1186
3801,2092
3802,1285
3803,1172
3804,1546
3805,1855
3806,1205
3807,1321
3808,3115
3809,1417
3810,1697
3811,1765
3812,1348
3813,1268
3814,1423
3815,2310
3816,2642
3817,1100
3818,974
3819,989
3820,2232
3821,2152
3822,1130
3823,1755
3824,1465
3825,1847
3826,2409
3827,1597
3828,1421
3829,1507
3830,1277
3831,2619
3832,1695
3833,1798
3834,2238
3835,1261
3836,1443
3837,1296
3838,1182
3839,1692
3840,935
3841,2508
3842,2260
3843,1254
3844,1465
3845,2021
3846,1419
3847,1436
3848,1207
3849,1519
3850,1691
3851,1928
3852,1829
3853,1596
3854,1949
3855,1447
3856,1091
3857,1721
3858,1647
3859,804
3860,1778
3861,2064
3862,1490
3863,1197
3864,2454
3865,1819
3866,1864
3867,1244
3868,1771
3869,1700
3870,1887
3871,1553
3872,1199
3873,2390
3874,1440
3875,1586
3876,882
3877,1933
3878,1826
3879,1626
3880,1828
3881,2068
3882,1423
3883,1609
3884,1842
3885,1357
3886,1350
3887,2391
3888,1061
3889,1810
3890,1473
3891,1684
3892,1517
3893,1959
3894,1282
3895,1384
3896,1344
3897,1137
3898,1175
3899,769
3900,1909
3901,2450
3902,1539
3903,2440
3904,1267
3905,1399
3906,2033
3907,1568
3908,1983
3909,1797
3910,1682
3911,1022
3912,1989
3913,1229
3914,1747
3915,2243
3916,2512
3917,1396
3918,1218
3919,2498
3920,2743
3921,1078
3922,1307
3923,1603
3924,1441
3925,1268
3926,1419
3927,1510
3928,1979
3929,994
3930,2054
3931,2161
3932,1283
3933,1752
3934,1297
3935,1686
3936,2242
3937,1905
3938,1899
3939,1067
3940,1108
3941,1530
3942,1344
3943,1390
3944,1671
3945,1143
3946,1572
3947,2455
3948,2069
3949,1093
3950,1444
3951,2304
3952,2759
3953,1445
3954,2724
3955,1920
3956,1764
3957,1266
3958,2641
3959,2979
3960,1782
3961,2303
3962,1287
3963,1164
3964,2096
3965,2294
3966,1430
3967,1324
3968,1050
3969,1737
3970,1243
3971,1093
3972,1609
3973,3040
3974,1722
3975,1785
3976,1736
3977,1138
3978,1548
3979,914
3980,1842
3981,2264
3982,3005
3983,1200
3984,1278
3985,1521
3986,1705
3987,1070
3988,1478
3989,1232
3990,1671
3991,1589
3992,1554
3993,2920
3994,1200
3995,2529
3996,1476
3997,1978
3998,1716
3999,1636
4000,1095
4001,1423
4002,1422
4003,1159
4004,1941
4005,1440
4006,1845
4007,1271
4008,1448
4009,2185
4010,1535
4011,2249
4012,1126
4013,964
4014,1315
4015,1931
4016,1627
4017,1757
4018,1339
4019,1065
4020,1756
4021,2074
4022,1314
4023,1511
4024,1683
4025,1250
4026,1867
4027,1338
4028,1260
4029,1216
4030,1296
4031,1087
4032,2101
4033,2182
4034,2077
4035,1350
4036,1266
4037,2058
4038,1715
4039,1340
4040,1624
4041,1223
4042,1397
4043,1463
4044,2070
4045,1522
4046,1784
4047,1934
4048,3068
4049,3279
4050,984
4051,1362
4052,1493
4053,1771
4054,1090
4055,1513
4056,1973
4057,1891
4058,2257
4059,1326
4060,1217
4061,2347
4062,1450
4063,2021
4064,1205
4065,1294
4066,1543
4067,2056
4068,1131
4069,1152
4070,2142
4071,1108
4072,1183
4073,1946
4074,1146
4075,1982
4076,1507
4077,1595
4078,1816
4079,2699
4080,1676
4081,1413
4082,1981
4083,1700
4084,2771
4085,1259
4086,1865
4087,2800
4088,774
4089,1376
4090,2352
4091,2607
4092,1089
4093,1479
4094,2003
4095,1840
4096,1332
4097,2660
4098,1265
4099,2146
4100,2153
4101,1203
4102,1412
4103,1270
4104,1469
4105,1339
4106,1675
4107,1577
4108,1655
4109,2127
4110,1044
4111,1735
4112,1823
4113,1468
4114,1544
4115,1576
4116,1858
4117,1451
4118,1669
4119,1929
4120,1777
4121,1996
4122,1981
4123,928
4124,1467
4125,1556
4126,2168
4127,1844
4128,1153
4129,1906
4130,2410
4131,1565
4132,1826
4133,1398
4134,1091
4135,1695
4136,1209
4137,3248
4138,1112
4139,1426
4140,2703
4141,1195
4142,2327
4143,1177
4144,1820
4145,1592
4146,1812
4147,1627
4148,1311
4149,1809
4150,1539
4151,1330
4152,2527
4153,1816
4154,1463
4155,2233
4156,1315
4157,1728
4158,2361
4159,1355
4160,1156
4161,1375
4162,1280
4163,2081
4164,2437
4165,2172
4166,1492
4167,1329
4168,1226
4169,1242
4170,2157
4171,1418
4172,1084
4173,1346
4174,1367
4175,1379
4176,1379
4177,1854
4178,1269
4179,2021
4180,1627
4181,1168
4182,1250
4183,1084
4184,1347
4185,2335
4186,1592
4187,1402
4188,2030
4189,923
4190,1865
4191,2215
4192,1022
4193,1662
4194,2242
4195,1144
4196,1329
4197,1278
4198,2232
4199,1043
4200,1025
4201,1565
4202,1404
4203,2047
4204,1772
4205,1127
4206,869
4207,1359
4208,2217
4209,1429
4210,1842
4211,877
4212,1770
4213,1558
4214,1164
4215,2453
4216,1310
4217,1353
4218,1189
4219,2827
4220,1550
4221,1426
4222,1486
4223,2025
4224,1145
4225,2097
4226,2669
4227,1595
4228,1742
4229,1071
4230,2313
4231,1307
4232,1459
4233,1460
4234,1528
4235,1408
4236,1295
4237,2408
4238,1972
4239,1524
4240,879
4241,1041
4242,1550
4243,1645
4244,2269
4245,2279
4246,1093
4247,1144
4248,1560
4249,1086
4250,1891
4251,1854
4252,1009
4253,2377
4254,1418
4255,2310
4256,1750
4257,1827
4258,1309
4259,2119
4260,1161
4261,1845
4262,1256
4263,2433
4264,1165
4265,1759
4266,1948
4267,1443
4268,1203
4269,1542
4270,1133
4271,1186
4272,1654
4273,1820
4274,2209
4275,2012
4276,1622
4277,1895
4278,1709
4279,1531
4280,1104
4281,1786
4282,1208
4283,1253
4284,1239
4285,2696
4286,749
4287,1937
4288,1676
4289,1646
4290,2244
4291,2471
4292,1363
4293,1690
4294,964
4295,1906
4296,998
4297,1597
4298,1530
4299,2291
4300,1897
4301,1119
4302,1098
4303,1810
4304,1239
4305,1933
4306,1362
4307,1819
4308,2047
4309,3113
4310,1918
4311,1360
4312,1466
4313,1829
4314,1692
4315,1942
4316,2186
4317,2207
4318,1810
4319,1854
4320,1770
4321,1493
4322,1407
4323,1833
4324,1425
4325,2683
4326,1695
4327,998
4328,1901
4329,2272
4330,1305
4331,1844
4332,1745
4333,1356
4334,1878
4335,1780
4336,1324
4337,1538
4338,1823
4339,1091
4340,1897
4341,1851
4342,1181
4343,1992
4344,1302
4345,1304
4346,1139
4347,1586
4348,1167
4349,1805
4350,956
4351,1583
4352,1495
4353,1560
4354,2116
4355,1472
4356,1200
4357,3254
4358,1904
4359,1105
4360,1561
4361,1252
4362,1916
4363,2061
4364,959
4365,1670
4366,1552
4367,1736
4368,1203
4369,1152
4370,1119
4371,1820
4372,3233
4373,1021
4374,2087
4375,2116
4376,1054
4377,1635
4378,1570
4379,1275
4380,1472
4381,1424
4382,1181
4383,1852
4384,2356
4385,1213
4386,2807
4387,1320
4388,1205
4389,1164
4390,1263
4391,1215
4392,1744
4393,1233
4394,1376
4395,2427
4396,1949
4397,1331
4398,1955
4399,1067
4400,1676
4401,2127
4402,1761
4403,1849
4404,1967
4405,1873
4406,2090
4407,1205
4408,1387
4409,1784
4410,1838
4411,1198
4412,2166
4413,1387
4414,2382
4415,1625
4416,1899
4417,1581
4418,1132
4419,1380
4420,1196
4421,2105
4422,1592
4423,1329
4424,1466
4425,2031
4426,1197
4427,2071
4428,1536
4429,1930
4430,1377
4431,1220
4432,1637
4433,1857
4434,2212
4435,911
4436,1570
4437,1269
4438,1651
4439,1685
4440,1589
4441,2288
4442,985
4443,1456
4444,1792
4445,1414
4446,1242
4447,1280
4448,1723
4449,1941
4450,1546
4451,1456
4452,1377
4453,1141
4454,1637
4455,1164
4456,965
4457,1554
4458,1067
4459,1859
4460,1189
4461,1530
4462,1206
4463,2105
4464,912
4465,2015
4466,900
4467,1657
4468,1420
4469,1459
4470,1794
4471,2222
4472,983
4473,1492
4474,1304
4475,1364
4476,1585
4477,1121
4478,1479
4479,1644
4480,1294
4481,934
4482,1457
4483,2005
4484,1605
4485,1508
4486,2449
4487,1385
4488,2021
4489,1328
4490,1805
4491,1229
4492,2198
4493,1113
4494,1960
4495,1026
4496,1354
4497,991
4498,1082
4499,1642
4500,1571
4501,1611
4502,1108
4503,1369
4504,3317
4505,2266
4506,1261
4507,1261
4508,1456
4509,1643
4510,2190
4511,2132
4512,3048
4513,2645
4514,1957
4515,1106
4516,1140
4517,1000
4518,2473
4519,1193
4520,1739
4521,1931
4522,1151
4523,1271
4524,1376
4525,2016
4526,1275
4527,2131
4528,2217
4529,1980
4530,1442
4531,1585
4532,1439
4533,1741
4534,3427
4535,1797
4536,1987
4537,1809
4538,1377
4539,1379
4540,2369
4541,1726
4542,1424
4543,1149
4544,1865
4545,1371
4546,1103
4547,1195
4548,1474
4549,1052
4550,1452
4551,1342
4552,1961
4553,1382
4554,1679
4555,1613
4556,1104
4557,1677
4558,1926
4559,1903
4560,1381
4561,1328
4562,1615
4563,1376
4564,2561
4565,1177
4566,1252
4567,1271
4568,1282
4569,1710
4570,1930
4571,1231
4572,1256
4573,1268
4574,1651
4575,1605
4576,1062
4577,2061
4578,1849
4579,2053
4580,1343
4581,2362
4582,1269
4583,1404
4584,1073
4585,2269
4586,1808
4587,1409
4588,1560
4589,1187
4590,1634
4591,1550
4592,1312
4593,1089
4594,2609
4595,1018
4596,1054
4597,1764
4598,2261
4599,1821
4600,1722
4601,1807
4602,1228
4603,3083
4604,1131
4605,1935
4606,2091
4607,1256
4608,1615
4609,1953
4610,1086
4611,1251
4612,1841
4613,1356
4614,2458
4615,1683
4616,1200
4617,2809
4618,2242
4619,1585
4620,2640
4621,1577
4622,2173
4623,1308
4624,1266
4625,954
4626,1238
4627,1260
4628,1595
4629,2009
4630,1749
4631,1885
4632,2285
4633,1744
4634,1335
4635,989
4636,2233
4637,1594
4638,1889
4639,1821
4640,1956
4641,2360
4642,2563
4643,1049
4644,1304
4645,1658
4646,2760
4647,1305
4648,2405
4649,1062
4650,1472
4651,1314
4652,1478
4653,1890
4654,1235
4655,2100
4656,1709
4657,1969
4658,1161
4659,1739
4660,1955
4661,2442
4662,1406
4663,1522
4664,1638
4665,1159
4666,1774
4667,1728
4668,1054
4669,1400
4670,1729
4671,2013
4672,1964
4673,925
4674,1856
4675,1052
4676,1868
4677,1037
4678,1258
4679,1085
4680,1391
4681,1269
4682,1744
4683,1257
4684,1414
4685,1047
4686,2107
4687,1669
4688,2640
4689,1840
4690,1310
4691,1823
4692,2048
4693,2033
4694,2939
4695,1991
4696,1212
4697,1228
4698,1898
4699,2083
4700,1644
4701,1235
4702,1253
4703,1552
4704,1875
4705,2198
4706,1215
4707,1473
4708,1838
4709,1943
4710,1419
4711,1716
4712,1883
4713,1903
4714,1393
4715,1371
4716,1430
4717,1262
4718,1179
4719,1659
4720,1569
4721,1329
4722,1588
4723,1590
4724,1792
4725,1853
4726,1145
4727,1651
4728,1537
4729,1351
4730,2168
4731,1495
4732,1319
4733,1773
4734,1114
4735,1377
4736,1206
4737,1340
4738,1016
4739,1969
4740,1316
4741,2977
4742,1575
4743,2026
4744,1980
4745,1766
4746,1343
4747,1280
4748,1947
4749,1000
4750,1354
4751,1576
4752,1920
4753,1794
4754,1842
4755,1134
4756,1961
4757,1078
4758,2094
4759,1467
4760,1322
4761,1864
4762,1417
4763,1076
4764,1662
4765,1340
4766,2383
4767,2209
4768,1962
4769,1140
4770,1152
4771,2179
4772,1386
4773,2076
4774,1641
4775,1251
4776,2314
4777,1239
4778,2491
4779,1930
4780,1759
4781,1331
4782,1232
4783,1699
4784,1643
4785,2136
4786,1288
4787,1262
4788,919
4789,1032
4790,1637
4791,1276
4792,1612
4793,1419
4794,1226
4795,1746
4796,1560
4797,1225
4798,1936
4799,1194
4800,1702
4801,2117
4802,1473
4803,1311
4804,1599
4805,1194
4806,1444
4807,1553
4808,2004
4809,1288
4810,1852
4811,1820
4812,1411
4813,1244
4814,1862
4815,1433
4816,1881
4817,1829
4818,2390
4819,1865
4820,2763
4821,1180
4822,2399
4823,2116
4824,1772
4825,1403
4826,1288
4827,1025
4828,1793
4829,1364
4830,1707
4831,2278
4832,1717
4833,2121
4834,1483
4835,1291
4836,1443
4837,1616
4838,1335
4839,1130
4840,1207
4841,1085
4842,1368
4843,1215
4844,1749
4845,906
4846,2270
4847,2582
4848,1346
4849,2492
4850,2510
4851,1517
4852,1187
4853,1438
4854,1019
4855,2601
4856,1207
4857,3714
4858,1336
4859,2005
4860,1275
4861,1385
4862,1510
4863,1355
4864,1459
4865,1939
4866,1449
4867,1586
4868,1583
4869,2128
4870,1401
4871,1883
4872,1852
4873,1076
4874,2065
4875,1379
4876,1494
4877,1700
4878,1657
4879,1100
4880,1883
4881,1017
4882,1493
4883,1411
4884,1292
4885,1026
4886,1074
4887,1157
4888,2083
4889,1644
4890,1728
4891,3241
4892,1466
4893,1024
4894,1368
4895,1640
4896,1060
4897,1874
4898,2091
4899,999
4900,2257
4901,1811
4902,2075
4903,2156
4904,935
4905,1727
4906,1518
4907,1847
4908,1755
4909,1456
4910,1667
4911,1743
4912,1470
4913,1171
4914,1570
4915,2003
4916,1355
4917,994
4918,1156
4919,1732
4920,1276
4921,908
4922,1551
4923,2481
4924,1823
4925,2210
4926,1525
4927,1217
4928,1310
4929,1827
4930,2394
4931,1950
4932,1165
4933,1386
4934,1330
4935,1187
4936,2408
4937,1711
4938,1451
4939,2021
4940,1373
4941,1461
4942,1170
4943,1053
4944,1730
4945,1790
4946,1622
4947,1370
4948,2717
4949,1979
4950,2486
4951,2567
4952,1691
4953,1827
4954,1828
4955,1852
4956,1737
4957,2094
4958,3321
4959,1161
4960,2190
4961,1471
4962,1703
4963,1396
4964,1555
4965,1908
4966,1783
4967,1200
4968,1171
4969,1471
4970,1184
4971,1397
4972,2103
4973,1768
4974,1295
4975,1094
4976,985
4977,2267
4978,1738
4979,1428
4980,2033
4981,1167
4982,1489
4983,1143
4984,1508
4985,1072
4986,1254
4987,2183
4988,1470
4989,1753
4990,1948
4991,1757
4992,2125
4993,1033
4994,1105
4995,1105
4996,1194
4997,1515
4998,1239
4999,1455
5000,1145
5001,2225
5002,1468
5003,1593
5004,1903
5005,1158
5006,1430
5007,1940
5008,1137
5009,1637
5010,1274
5011,1342
5012,2231
5013,1467
5014,2670
5015,903
5016,1756
5017,1450
5018,2272
5019,1792
5020,938
5021,2336
5022,1202
5023,1099
5024,1778
5025,1771
5026,1836
5027,1586
5028,1360
5029,1949
5030,1831
5031,1792
5032,1759
5033,973
5034,1128
5035,1009
5036,955
5037,1810
5038,1123
5039,2646
5040,2076
5041,2264
5042,1360
5043,1074
5044,1348
5045,1534
5046,1277
5047,1683
5048,1579
5049,2053
5050,1169
5051,1699
5052,2370
5053,1664
5054,1600
5055,1335
5056,1925
5057,1476
5058,1826
5059,1489
5060,1202
5061,1250
5062,1721
5063,775
5064,1990
5065,2215
5066,2534
5067,2551
5068,1351
5069,1306
5070,1621
5071,2161
5072,1254
5073,1193
5074,1421
5075,1059
5076,1491
5077,1271
5078,1485
5079,1095
5080,1404
5081,860
5082,1475
5083,1211
5084,1901
5085,1298
5086,2624
5087,2735
5088,1372
5089,2210
5090,2154
5091,1671
5092,2111
5093,1342
5094,1016
5095,1711
5096,1168
5097,1233
5098,1156
5099,1298
5100,1302
5101,2294
5102,1573
5103,2463
5104,917
5105,1750
5106,1454
5107,1186
5108,1873
5109,1740
5110,2778
5111,1902
5112,1278
5113,1013
5114,1164
5115,1717
5116,1993
5117,2514
5118,2503
5119,1887
5120,1819
5121,1795
5122,1518
5123,1345
5124,1573
5125,1846
5126,1852
5127,1524
5128,1830
5129,2207
5130,1293
5131,2578
5132,1402
5133,972
5134,1539
5135,1355
5136,1623
5137,1440
5138,1828
5139,1030
5140,1014
5141,939
5142,1575
5143,1595
5144,1898
5145,1908
5146,1849
5147,1827
5148,1184
5149,2662
5150,1490
5151,1243
5152,2469
5153,1239
5154,1847
5155,1306
5156,1827
5157,1852
5158,1511
5159,1141
5160,1794
5161,1578
5162,1975
5163,1662
5164,1616
5165,2465
5166,1573
5167,1239
5168,1000
5169,1349
5170,1248
5171,1087
5172,1080
5173,1754
5174,1750
5175,1298
5176,1226
5177,1426
5178,1383
5179,1591
5180,1155
5181,1250
5182,1659
5183,2261
5184,1461
5185,1432
5186,1393
5187,1186
5188,1366
5189,1525
5190,1385
5191,1261
5192,1535
5193,2201
5194,1194
5195,1413
5196,1398
5197,1914
5198,3104
5199,1420
5200,1008
5201,1204
5202,1256
5203,1545
5204,2219
5205,1579
5206,878
5207,1743
5208,1193
5209,1129
5210,2693
5211,1479
5212,1163
5213,1102
5214,1964
5215,1358
5216,1880
5217,1318
5218,1222
5219,1652
5220,1474
5221,2491
5222,1810
5223,1939
5224,1074
5225,1316
5226,1582
5227,1335
5228,1446
5229,1144
5230,1450
5231,1574
5232,1801
5233,1766
5234,1884
5235,1790
5236,1226
5237,1407
5238,1709
5239,1339
5240,1195
5241,2066
5242,1712
5243,1884
5244,1302
5245,1274
5246,1586
5247,1157
5248,1620
5249,2718
5250,2135
5251,1340
5252,1242
5253,2267
5254,1778
5255,1772
5256,2314
5257,1523
5258,995
5259,1945
5260,909
5261,981
5262,1539
5263,1684
5264,981
5265,1442
5266,1650
5267,1405
5268,1432
5269,1975
5270,1198
5271,1432
5272,1282
5273,1506
5274,2028
5275,1544
5276,1621
5277,2044
5278,1219
5279,3225
5280,2389
5281,1914
5282,1429
5283,1363
5284,2202
5285,1260
5286,1571
5287,1393
5288,1114
5289,1080
5290,1116
5291,2015
5292,1489
5293,1751
5294,1244
5295,2350
5296,1137
5297,1403
5298,2419
5299,1112
5300,992
5301,1123
5302,1789
5303,1635
5304,1607
5305,1138
5306,1621
5307,1359
5308,2220
5309,1983
5310,1340
5311,1248
5312,1445
5313,1187
5314,1573
5315,1689
5316,798
5317,1202
5318,1354
5319,1088
5320,1212
5321,1860
5322,2147
5323,1359
5324,1053
5325,1657
5326,1377
5327,2219
5328,1532
5329,1049
5330,1381
5331,1273
5332,2184
5333,1087
5334,1871
5335,1829
5336,1694
5337,2000
5338,1189
5339,1918
5340,1835
5341,1472
5342,1187
5343,1688
5344,3813
5345,1487
5346,2028
5347,2216
5348,1341
5349,1147
5350,1208
5351,1452
5352,1861
5353,2750
5354,1356
5355,1741
5356,1438
5357,1020
5358,2034
5359,1357
5360,1400
5361,1041
5362,2618
5363,2125
5364,778
5365,1324
5366,1944
5367,1553
5368,1856
5369,1631
5370,1492
5371,1933
5372,1595
5373,1371
5374,2572
5375,995
5376,1765
5377,1629
5378,1832
5379,2053
5380,1836
5381,1453
5382,1640
5383,1924
5384,1171
5385,1966
5386,1170
5387,868
5388,1871
5389,1081
5390,2539
5391,1334
5392,1598
5393,928
5394,1583
5395,1701
5396,1468
5397,1313
5398,1329
5399,2119
5400,1521
5401,1654
5402,1209
5403,1313
5404,1141
5405,1038
5406,1392
5407,1925
5408,1433
5409,2158
5410,1787
5411,2166
5412,1193
5413,1925
5414,1570
5415,1428
5416,1414
5417,1143
5418,1464
5419,1552
5420,2212
5421,1912
5422,1628
5423,1990
5424,2488
5425,1720
5426,2493
5427,2767
5428,1748
5429,1384
5430,965
5431,2465
5432,1944
5433,1896
5434,1194
5435,1963
5436,1156
5437,1288
5438,1465
5439,1643
5440,1543
5441,2845
5442,1158
5443,1343
5444,1643
5445,1591
5446,1084
5447,1690
5448,1455
5449,2064
5450,1708
5451,2836
5452,1866
5453,1426
5454,1165
5455,1418
5456,1905
5457,1525
5458,1967
5459,1587
5460,1366
5461,1179
5462,1190
5463,1454
5464,1788
5465,1435
5466,1412
5467,1935
5468,1955
5469,2194
5470,919
5471,1432
5472,2038
5473,851
5474,1645
5475,1397
5476,1364
5477,1551
5478,968
5479,1566
5480,717
5481,1178
5482,1314
5483,1365
5484,1518
5485,1124
5486,1636
5487,1444
5488,1787
5489,1463
5490,2006
5491,1225
5492,1191
5493,1402
5494,1655
5495,1318
5496,1845
5497,1727
5498,1165
5499,970
5500,1521
5501,1693
5502,1573
5503,1532
5504,817
5505,1434
5506,991
5507,1691
5508,1551
5509,1884
5510,2338
5511,1481
5512,1519
5513,1206
5514,1060
5515,1960
5516,1766
5517,2119
5518,1830
5519,1321
5520,1924
5521,1536
5522,1475
5523,1325
5524,1153
5525,2358
5526,1855
5527,1219
5528,2115
5529,1914
5530,2556
5531,3026
5532,1614
5533,1033
5534,2101
5535,1084
5536,1079
5537,1048
5538,1657
5539,1930
5540,1283
5541,1395
5542,1100
5543,1882
5544,2271
5545,952
5546,1397
5547,1231
5548,1182
5549,1534
5550,2779
5551,1575
5552,1152
5553,1541
5554,1721
5555,1574
5556,1150
5557,968
5558,1319
5559,1189
5560,1299
5561,2791
5562,1530
5563,1457
5564,1618
5565,1417
5566,2070
5567,1547
5568,2338
5569,1822
5570,1879
5571,1300
5572,1949
5573,1256
5574,2056
5575,1644
5576,1492
5577,1991
5578,1122
5579,1198
5580,1086
5581,1930
5582,1456
5583,2294
5584,1930
5585,1962
5586,955
5587,3483
5588,1345
5589,939
5590,1707
5591,1984
5592,1074
5593,1511
5594,1586
5595,1410
5596,1256
5597,1470
5598,1784
5599,2171
5600,2151
5601,1679
5602,1688
5603,2211
5604,1915
5605,1731
5606,1629
5607,1246
5608,1751
5609,2122
5610,1557
5611,1041
5612,1141
5613,1771
5614,1280
5615,1697
5616,1297
5617,2550
5618,2046
5619,1400
5620,1091
5621,2217
5622,1661
5623,2245
5624,1315
5625,1030
5626,1604
5627,1480
5628,1362
5629,2644
5630,978
5631,1978
5632,1743
5633,1278
5634,1942
5635,1739
5636,1360
5637,1295
5638,2267
5639,1535
5640,1270
5641,1849
5642,1239
5643,1466
5644,2039
5645,1355
5646,1338
5647,1224
5648,1229
5649,3358
5650,1656
5651,1828
5652,1449
5653,2161
5654,1516
5655,2159
5656,1191
5657,2462
5658,1178
5659,1074
5660,1582
5661,1982
5662,1554
5663,1168
5664,1477
5665,1386
5666,1330
5667,1274
5668,980
5669,1570
5670,1091
5671,1537
5672,1473
5673,1642
5674,1316
5675,1421
5676,1048
5677,1594
5678,1400
5679,2306
5680,1343
5681,1271
5682,874
5683,1541
5684,1397
5685,1074
5686,1179
5687,1156
5688,1661
5689,2042
5690,1674
5691,1361
5692,2023
5693,1305
5694,992
5695,1680
5696,1709
5697,1812
5698,2313
5699,1182
5700,1743
5701,1719
5702,1185
5703,1287
5704,2007
5705,1840
5706,1433
5707,1242
5708,1589
5709,2142
5710,1487
5711,1605
5712,1240
5713,2137
5714,2535
5715,1721
5716,1841
5717,2437
5718,2925
5719,2693
5720,2019
5721,1242
5722,1572
5723,1610
5724,1718
5725,1968
5726,907
5727,2165
5728,1575
5729,1317
5730,1475
5731,1612
5732,1914
5733,2145
5734,3467
5735,969
5736,1147
5737,1444
5738,1439
5739,1244
5740,1049
5741,2415
5742,1171
5743,1282
5744,1590
5745,1855
5746,1058
5747,1700
5748,1593
5749,1792
5750,1453
5751,1647
5752,1635
5753,1638
5754,1405
5755,1220
5756,1578
5757,1256
5758,1837
5759,1946
5760,1410
5761,2329
5762,1097
5763,2078
5764,1373
5765,982
5766,1580
5767,2256
5768,1790
5769,1545
5770,1150
5771,2054
5772,2420
5773,2044
5774,1253
5775,1131
5776,1866
5777,1207
5778,1851
5779,1167
5780,1438
5781,1427
5782,1272
5783,2042
5784,1783
5785,2436
5786,1217
5787,1882
5788,1332
5789,1224
5790,1960
5791,1276
5792,2106
5793,1745
5794,1901
5795,2024
5796,1703
5797,1692
5798,1614
5799,1053
5800,1680
5801,1239
5802,1371
5803,2853
5804,1945
5805,2129
5806,2169
5807,1163
5808,3015
5809,1283
5810,1967
5811,1439
5812,1604
5813,292
5814,1337
5815,2266
5816,1019
5817,1407
5818,1273
5819,1395
5820,2015
5821,1173
5822,1708
5823,1918
5824,1433
5825,1671
5826,1706
5827,2667
5828,1839
5829,1122
5830,1149
5831,1551
5832,1608
5833,1269
5834,1249
5835,2022
5836,1514
5837,2010
5838,1673
5839,1557
5840,1731
5841,1289
5842,1020
5843,2578
5844,1581
5845,2314
5846,1659
5847,1488
5848,1357
5849,1784
5850,2193
5851,1789
5852,1192
5853,2095
5854,1821
5855,1401
5856,1670
5857,1578
5858,1143
5859,1633
5860,1581
5861,870
5862,1429
5863,937
5864,1279
5865,1245
5866,2613
5867,1829
5868,1021
5869,1306
5870,1324
5871,1420
5872,1189
5873,1086
5874,2315
5875,1422
5876,1794
5877,1540
5878,1350
5879,1079
5880,1687
5881,1710
5882,1135
5883,1884
5884,1259
5885,1694
5886,1268
5887,1748
5888,2751
5889,1554
5890,635
5891,1040
5892,1114
5893,1215
5894,1139
5895,1341
5896,1472
5897,1020
5898,1312
5899,1337
5900,1616
5901,1929
5902,2098
5903,1192
5904,1513
5905,1272
5906,1458
5907,1461
5908,823
5909,1778
5910,1734
5911,2214
5912,1628
5913,2064
5914,1077
5915,1593
5916,1047
5917,1628
5918,2383
5919,1959
5920,1880
5921,1722
5922,1816
5923,1469
5924,1289
5925,2271
5926,1621
5927,2457
5928,1921
5929,2571
5930,1333
5931,1097
5932,3035
5933,1538
5934,1287
5935,1663
5936,1426
5937,1894
5938,1322
5939,1107
5940,1095
5941,1061
5942,1318
5943,1260
5944,2194
5945,1432
5946,1514
5947,1206
5948,1555
5949,1396
5950,2262
5951,1895
5952,1219
5953,2435
5954,1353
5955,1417
5956,1342
5957,1013
5958,1251
5959,1952
5960,1524
5961,1587
5962,1807
5963,1179
5964,1710
5965,1520
5966,1643
5967,989
5968,2057
5969,1757
5970,2423
5971,1164
5972,2486
5973,1234
5974,968
5975,2268
5976,1658
5977,1137
5978,1374
5979,1176
5980,1735
5981,1280
5982,1357
5983,1063
5984,1567
5985,1547
5986,2186
5987,1417
5988,1488
5989,1202
5990,1176
5991,1440
5992,2731
5993,1811
5994,1625
5995,1266
5996,2926
5997,1672
5998,1016
5999,893
6000,2292
6001,2188
6002,894
6003,1700
6004,1237
6005,1499
6006,2150
6007,1253
6008,1533
6009,1245
6010,1326
6011,1180
6012,1790
6013,1759
6014,1506
6015,1054
6016,1475
6017,2243
6018,1188
6019,2368
6020,2016
6021,1322
6022,2195
6023,1124
6024,1225
6025,1469
6026,1593
6027,1312
6028,2777
6029,2933
6030,1245
6031,1031
6032,1862
6033,1937
6034,1632
6035,1232
6036,1782
6037,1825
6038,1563
6039,906
6040,2256
6041,1168
6042,2275
6043,1282
6044,1762
6045,1643
6046,1615
6047,1638
6048,1417
6049,1160
6050,2381
6051,1300
6052,1207
6053,1326
6054,949
6055,1119
6056,1557
6057,1874
6058,2171
6059,1320
6060,1634
6061,1681
6062,1246
6063,1087
6064,2061
6065,1914
6066,1352
6067,1417
6068,1512
6069,1304
6070,2322
6071,1381
6072,2189
6073,1305
6074,1320
6075,1578
6076,1210
6077,1385
6078,1313
6079,1103
6080,1076
6081,1418
6082,1108
6083,2024
6084,2212
6085,2223
6086,2159
6087,1348
6088,1730
6089,1963
6090,1505
6091,1600
6092,1174
6093,1292
6094,1586
6095,1718
6096,1659
6097,1515
6098,2163
6099,1188
6100,1665
6101,1391
6102,1369
6103,1053
6104,1209
6105,1705
6106,1624
6107,2011
6108,1287
6109,1023
6110,1550
6111,1132
6112,1354
6113,1407
6114,2134
6115,2828
6116,1608
6117,1122
6118,1680
6119,1224
6120,913
6121,1274
6122,1722
6123,1958
6124,1693
6125,1412
6126,953
6127,1291
6128,1462
6129,1012
6130,1424
6131,893
6132,1456
6133,1370
6134,1579
6135,1500
6136,1205
6137,1791
6138,1775
6139,1444
6140,3429
6141,1544
6142,1895
6143,1731
6144,1403
6145,2242
6146,1585
6147,1818
6148,1306
6149,1455
6150,1325
6151,1070
6152,1843
6153,1390
6154,1024
6155,1855
6156,1214
6157,1279
6158,2023
6159,1698
6160,2009
6161,2033
6162,1877
6163,1292
6164,1633
6165,1079
6166,1105
6167,1710
6168,1423
6169,1224
6170,1795
6171,1139
6172,1129
6173,1244
6174,1553
6175,1556
6176,1356
6177,837
6178,2064
6179,1678
6180,3131
6181,1470
6182,1620
6183,1847
6184,1779
6185,2418
6186,1740
6187,2087
6188,1231
6189,2225
6190,1120
6191,1562
6192,1439
6193,1392
6194,1319
6195,1167
6196,1278
6197,1603
6198,1439
6199,1280
6200,2036
6201,1523
6202,1085
6203,1215
6204,1779
6205,1583
6206,1047
6207,1127
6208,1592
6209,2162
6210,1786
6211,836
6212,1406
6213,1928
6214,1329
6215,1637
6216,1515
6217,2104
6218,1308
6219,1784
6220,1401
6221,1403
6222,1084
6223,1234
6224,1205
6225,1212
6226,1695
6227,981
6228,1112
6229,1331
6230,1811
6231,1663
6232,1169
6233,1875
6234,1936
6235,949
6236,1683
6237,1300
6238,2035
6239,3621
6240,1345
6241,1237
6242,1119
6243,1279
6244,1876
6245,1601
6246,1482
6247,2086
6248,1258
6249,1252
6250,1689
6251,1456
6252,1919
6253,1868
6254,1696
6255,1562
6256,2714
6257,1860
6258,1249
6259,1481
6260,1217
6261,1052
6262,1872
6263,2412
6264,1644
6265,1282
6266,1401
6267,1084
6268,1525
6269,1577
6270,1836
6271,1616
6272,1517
6273,1738
6274,1951
6275,1978
6276,892
6277,1529
6278,2624
6279,1061
6280,2607
6281,1519
6282,1034
6283,968
6284,1210
6285,1066
6286,1231
6287,1854
6288,1218
6289,1854
6290,1744
6291,2862
6292,1700
6293,1724
6294,2002
6295,1274
6296,1284
6297,1118
6298,1681
6299,1602
6300,1633
6301,1283
6302,1738
6303,1562
6304,1009
6305,1490
6306,1537
6307,1422
6308,1554
6309,1592
6310,1943
6311,2060
6312,1709
6313,1885
6314,984
6315,1281
6316,1145
6317,1553
6318,1941
6319,1312
6320,1629
6321,1087
6322,970
6323,2073
6324,1186
6325,1755
6326,1690
6327,1854
6328,927
6329,1025
6330,1813
6331,1068
6332,2155
6333,2699
6334,2045
6335,1573
6336,2530
6337,1620
6338,1258
6339,1881
6340,2347
6341,1427
6342,1747
6343,1275
6344,1584
6345,1767
6346,1776
6347,1204
6348,1772
6349,2418
6350,1786
6351,2140
6352,1154
6353,1184
6354,1085
6355,1500
6356,1292
6357,1561
6358,1334
6359,1127
6360,2140
6361,1340
6362,1691
6363,1569
6364,1634
6365,1250
6366,1402
6367,1529
6368,1153
6369,1396
6370,1651
6371,1695
6372,1677
6373,1495
6374,1640
6375,1276
6376,1888
6377,1638
6378,1814
6379,1223
6380,1119
6381,1345
6382,1362
6383,370
6384,2056
6385,1806
6386,1492
6387,2183
6388,1399
6389,1013
6390,1375
6391,2150
6392,1321
6393,1577
6394,1197
6395,998
6396,1475
6397,1606
6398,2019
6399,1383
6400,1509
6401,1079
6402,1034
6403,1681
6404,1117
6405,2294
6406,1252
6407,1284
6408,1388
6409,1233
6410,1510
6411,2250
6412,1720
6413,1150
6414,1969
6415,1730
6416,1561
6417,1300
6418,1832
6419,1679
6420,1885
6421,1988
6422,1472
6423,2830
6424,2267
6425,1079
6426,1099
6427,2129
6428,1148
6429,1386
6430,1730
6431,1229
6432,2417
6433,1867
6434,1740
6435,1790
6436,891
6437,1195
6438,1186
6439,1203
6440,2081
6441,1096
6442,1502
6443,2051
6444,1627
6445,1243
6446,2806
6447,1055
6448,1398
6449,1999
6450,1530
6451,1704
6452,1659
6453,1940
6454,1923
6455,1448
6456,1792
6457,1122
6458,1269
6459,1266
6460,1045
6461,929
6462,2602
6463,1067
6464,1073
6465,1616
6466,1103
6467,2069
6468,1678
6469,1637
6470,1628
6471,1487
6472,1532
6473,1357
6474,1286
6475,1504
6476,1752
6477,1467
6478,2260
6479,1478
6480,2390
6481,1309
6482,1351
6483,1152
6484,1235
6485,2413
6486,1460
6487,2437
6488,1591
6489,1985
6490,1952
6491,1525
6492,914
6493,1173
6494,1890
6495,970
6496,3145
6497,2392
6498,1562
6499,1754
6500,1178
6501,1775
6502,1224
6503,1213
6504,1711
6505,1005
6506,1142
6507,1611
6508,2517
6509,1251
6510,1741
6511,1367
6512,1201
6513,2675
6514,2202
6515,1615
6516,1237
6517,1095
6518,1381
6519,1222
6520,1573
6521,1853
6522,878
6523,1431
6524,1097
6525,1102
6526,1810
6527,1365
6528,2023
6529,1885
6530,1068
6531,1135
6532,1251
6533,1069
6534,1780
6535,1451
6536,1771
6537,2582
6538,1383
6539,2387
6540,1544
6541,1132
6542,944
6543,1917
6544,1498
6545,941
6546,1126
6547,2049
6548,1806
6549,1882
6550,1324
6551,991
6552,1617
6553,2070
6554,2254
6555,1451
6556,2151
6557,1129
6558,1728
6559,1427
6560,1639
6561,1453
6562,1636
6563,1155
6564,2010
6565,1526
6566,1515
6567,1226
6568,1407
6569,1128
6570,1263
6571,1095
6572,1816
6573,1928
6574,1050
6575,1831
6576,1039
6577,2378
6578,2740
6579,1173
6580,1454
6581,1508
6582,1775
6583,1985
6584,3627
6585,1466
6586,2692
6587,1382
6588,1101
6589,1687
6590,1881
6591,2143
6592,1736
6593,997
6594,2518
6595,1035
6596,1695
6597,1940
6598,904
6599,1221
6600,1131
6601,979
6602,1219
6603,1492
6604,1290
6605,2040
6606,1105
6607,1128
6608,2512
6609,2058
6610,1324
6611,2751
6612,1618
6613,1750
6614,1550
6615,1942
6616,1115
6617,2025
6618,1037
6619,1180
6620,1536
6621,1097
6622,1355
6623,1066
6624,1399
6625,1480
6626,1489
6627,2125
6628,2029
6629,1546
6630,1241
6631,1230
6632,769
6633,2550
6634,1109
6635,1183
6636,2258
6637,1632
6638,1701
6639,1582
6640,2025
6641,1500
6642,1783
6643,1161
6644,1363
6645,1909
6646,1433
6647,904
6648,1159
6649,1969
6650,1327
6651,1618
6652,2717
6653,1460
6654,1737
6655,2224
6656,1964
6657,2864
6658,1223
6659,1416
6660,1617
6661,1131
6662,1084
6663,1359
6664,1404
6665,1070
6666,1086
6667,1590
6668,1387
6669,1182
6670,1685
6671,1498
6672,1963
6673,1149
6674,1465
6675,1520
6676,1505
6677,1315
6678,1309
6679,1113
6680,1679
6681,1450
6682,1530
6683,1932
6684,1841
6685,2809
6686,1651
6687,1535
6688,2296
6689,1316
6690,1018
6691,2253
6692,1044
6693,1648
6694,1577
6695,1311
6696,1789
6697,1578
6698,1667
6699,1173
6700,1197
6701,1938
6702,948
6703,3159
6704,1607
6705,1542
6706,1132
6707,2550
6708,1457
6709,1108
6710,1682
6711,1505
6712,1921
6713,1587
6714,2231
6715,1148
6716,2284
6717,1070
6718,1384
6719,1322
6720,1795
6721,1481
6722,1476
6723,633
6724,1298
6725,1611
6726,1135
6727,1879
6728,1569
6729,910
6730,2365
6731,1473
6732,1746
6733,1643
6734,2913
6735,1176
6736,1327
6737,1375
6738,1266
6739,932
6740,1848
6741,2208
6742,894
6743,2792
6744,2058
6745,1164
6746,1916
6747,1371
6748,2081
6749,1021
6750,1305
6751,1656
6752,1429
6753,1145
6754,1269
6755,1872
6756,1347
6757,1873
6758,1614
6759,1499
6760,1179
6761,2148
6762,1330
6763,1776
6764,1951
6765,1658
6766,1543
6767,1262
6768,1211
6769,1360
6770,1317
6771,1708
6772,2333
6773,1370
6774,1548
6775,1644
6776,1185
6777,1286
6778,2363
6779,2090
6780,2889
6781,1544
6782,1182
6783,1855
6784,1925
6785,1660
6786,1590
6787,1247
6788,1790
6789,1617
6790,1612
6791,2203
6792,2052
6793,1667
6794,1712
6795,1505
6796,1268
6797,1212
6798,1094
6799,1253
6800,1046
6801,1611
6802,1507
6803,1957
6804,2105
6805,1636
6806,1093
6807,1371
6808,1982
6809,947
6810,2056
6811,1270
6812,1406
6813,1340
6814,2598
6815,1242
6816,2394
6817,1001
6818,2192
6819,1682
6820,1262
6821,1579
6822,1980
6823,2311
6824,1907
6825,1207
6826,2025
6827,1149
6828,1550
6829,1734
6830,1552
6831,1739
6832,2209
6833,1305
6834,1593
6835,2070
6836,1299
6837,1368
6838,2767
6839,1525
6840,1226
6841,1353
6842,1242
6843,1608
6844,1499
6845,1762
6846,1360
6847,2682
6848,1577
6849,1686
6850,1631
6851,1838
6852,2764
6853,1865
6854,1498
6855,2989
6856,1559
6857,1921
6858,1459
6859,1792
6860,1864
6861,1640
6862,1707
6863,2158
6864,1098
6865,1058
6866,1856
6867,1290
6868,1752
6869,1655
6870,1869
6871,1060
6872,2099
6873,1290
6874,1098
6875,1574
6876,1199
6877,1251
6878,1502
6879,1847
6880,1160
6881,2639
6882,2322
6883,1967
6884,1964
6885,1242
6886,2037
6887,1123
6888,2072
6889,1956
6890,1600
6891,1414
6892,1097
6893,2268
6894,1940
6895,1940
6896,1591
6897,1482
6898,1276
6899,2037
6900,1857
6901,1059
6902,1227
6903,2409
6904,1852
6905,2752
6906,1955
6907,1199
6908,1482
6909,1996
6910,2745
6911,1929
6912,1226
6913,1743
6914,1512
6915,2756
6916,1494
6917,1175
6918,2020
6919,1830
6920,1432
6921,1348
6922,1247
6923,1686
6924,1252
6925,1317
6926,1241
6927,2933
6928,1075
6929,1126
6930,1102
6931,859
6932,2057
6933,1744
6934,1542
6935,1793
6936,1692
6937,1437
6938,1395
6939,742
6940,1655
6941,1824
6942,1122
6943,2424
6944,2266
6945,1774
6946,1259
6947,1496
6948,1157
6949,1643
6950,1411
6951,1016
6952,1638
6953,1944
6954,1727
6955,1741
6956,1634
6957,1304
6958,1525
6959,1549
6960,1321
6961,2246
6962,1481
6963,1342
6964,1404
6965,2869
6966,2388
6967,1135
6968,1336
6969,1004
6970,1611
6971,2507
6972,1482
6973,1418
6974,1571
6975,1672
6976,1309
6977,1882
6978,1290
6979,1643
6980,1775
6981,1543
6982,1043
6983,2068
6984,1712
6985,2386
6986,1839
6987,1639
6988,1714
6989,1374
6990,1483
6991,1228
6992,1313
6993,2465
6994,1294
6995,1280
6996,1292
6997,989
6998,1593
6999,2333
7000,1566
7001,1831
7002,1164
7003,1502
7004,1404
7005,1266
7006,1418
7007,1880
7008,2267
7009,1410
7010,1186
7011,1759
7012,1222
7013,1483
7014,2004
7015,1517
7016,1421
7017,1397
7018,2738
7019,1632
7020,2089
7021,1855
7022,1730
7023,1524
7024,1504
7025,2300
7026,1678
7027,2430
7028,1387
7029,1187
7030,2588
7031,1369
7032,1469
7033,1900
7034,1311
7035,1707
7036,1166
7037,2354
7038,1824
7039,1112
7040,823
7041,2329
7042,1792
7043,1554
7044,1443
7045,1290
7046,1235
7047,1531
7048,1257
7049,1825
7050,1666
7051,2116
7052,1217
7053,1210
7054,1216
7055,1478
7056,1535
7057,1657
7058,1627
7059,1489
7060,1973
7061,1475
7062,1161
7063,2108
7064,1625
7065,1308
7066,1830
7067,1745
7068,1272
7069,2051
7070,1788
7071,1840
7072,1942
7073,1703
7074,2560
7075,938
7076,1032
7077,1134
7078,2168
7079,1874
7080,1156
7081,1326
7082,1208
7083,1161
7084,1518
7085,1464
7086,2443
7087,1383
7088,1412
7089,1847
7090,1601
7091,752
7092,1274
7093,1375
7094,1387
7095,2145
7096,1723
7097,1596
7098,2055
7099,1065
7100,1048
7101,1228
7102,1672
7103,1248
7104,2144
7105,1583
7106,1631
7107,2012
7108,2351
7109,1114
7110,2267
7111,1987
7112,1139
7113,1332
7114,1096
7115,1031
7116,871
7117,1952
7118,1130
7119,1491
7120,1457
7121,1192
7122,2059
7123,2748
7124,1818
7125,1522
7126,1639
7127,2065
7128,1511
7129,981
7130,1880
7131,814
7132,2091
7133,1367
7134,1096
7135,1851
7136,1129
7137,1542
7138,1575
7139,1320
7140,871
7141,1064
7142,1247
7143,1189
7144,2812
7145,1236
7146,1447
7147,2229
7148,1818
7149,1559
7150,1364
7151,1321
7152,1226
7153,1834
7154,2282
7155,1949
7156,1276
7157,2051
7158,1325
7159,1647
7160,1425
7161,1139
7162,1459
7163,1202
7164,1495
7165,896
7166,1402
7167,1462
7168,1882
7169,2253
7170,1499
7171,964
7172,2219
7173,2016
7174,2319
7175,1594
7176,1642
7177,2380
7178,1586
7179,1479
7180,1013
7181,1792
7182,1519
7183,2351
7184,2057
7185,2129
7186,1726
7187,1803
7188,1328
7189,2111
7190,1430
7191,1506
7192,1757
7193,1539
7194,1285
7195,1094
7196,1491
7197,1014
7198,2292
7199,2066
7200,1011
7201,2349
7202,1486
7203,3516
7204,1067
7205,1778
7206,1289
7207,1408
7208,1292
7209,1027
7210,2197
7211,1451
7212,1416
7213,1285
7214,1559
7215,1240
7216,1626
7217,1392
7218,1578
7219,1938
7220,2180
7221,1159
7222,1072
7223,1876
7224,1774
7225,1199
7226,979
7227,1363
7228,1126
7229,1293
7230,2050
7231,1715
7232,1333
7233,1394
7234,1254
7235,1302
7236,1206
7237,1906
7238,1299
7239,1033
7240,1273
7241,1368
7242,1312
7243,990
7244,2592
7245,2503
7246,1809
7247,1123
7248,1692
7249,1846
7250,1438
7251,1735
7252,1405
7253,2135
7254,1208
7255,1646
7256,909
7257,2031
7258,1286
7259,1767
7260,1567
7261,2848
7262,1470
7263,1379
7264,1017
7265,2423
7266,2439
7267,1892
7268,2533
7269,1556
7270,1328
7271,1226
7272,2415
7273,1160
7274,1026
7275,1352
7276,1618
7277,1643
7278,2722
7279,2434
7280,1407
7281,1347
7282,1402
7283,1363
7284,1713
7285,1504
7286,1253
7287,1962
7288,1870
7289,988
7290,1088
7291,1604
7292,1644
7293,1954
7294,1478
7295,1705
7296,2181
7297,1642
7298,1838
7299,1358
7300,1569
7301,1226
7302,1127
7303,1611
7304,1125
7305,2641
7306,1093
7307,1728
7308,1972
7309,1327
7310,2446
7311,1492
7312,1004
7313,1351
7314,1475
7315,3167
7316,1797
7317,1368
7318,1403
7319,1295
7320,1858
7321,1556
7322,996
7323,1292
7324,1411
7325,1769
7326,879
7327,1160
7328,1348
7329,1216
7330,1243
7331,1468
7332,967
7333,1550
7334,925
7335,2004
7336,2339
7337,1393
7338,883
7339,1281
7340,1735
7341,2202
7342,1317
7343,1092
7344,1792
7345,1756
7346,1611
7347,2047
7348,2851
7349,2557
7350,1459
7351,1606
7352,1273
7353,1375
7354,1971
7355,1104
7356,1039
7357,1696
7358,1717
7359,1478
7360,1628
7361,2093
7362,1175
7363,2018
7364,1424
7365,1384
7366,1110
7367,1174
7368,1690
7369,1351
7370,1484
7371,1649
7372,1751
7373,1602
7374,1317
7375,1646
7376,1947
7377,1286
7378,2240
7379,1103
7380,2210
7381,1505
7382,1145
7383,1310
7384,1174
7385,1816
7386,1402
7387,1642
7388,1272
7389,2122
7390,1029
7391,1381
7392,1382
7393,1734
7394,1894
7395,1496
7396,1575
7397,1085
7398,1535
7399,1323
7400,1593
7401,1096
7402,1489
7403,1735
7404,1514
7405,1785
7406,1541
7407,1025
7408,1169
7409,1847
7410,1372
7411,1843
7412,1144
7413,2095
7414,1516
7415,1254
7416,1612
7417,1490
7418,1009
7419,1216
7420,1132
7421,1454
7422,1886
7423,892
7424,1393
7425,997
7426,2186
7427,1363
7428,1343
7429,1261
7430,2392
7431,1742
7432,1677
7433,1746
7434,1108
7435,1820
7436,1758
7437,1660
7438,1358
7439,1858
7440,1029
7441,1379
7442,1276
7443,1867
7444,1143
7445,1482
7446,1057
7447,2030
7448,1943
7449,1360
7450,1570
7451,1645
7452,1553
7453,1443
7454,918
7455,1706
7456,1483
7457,1150
7458,1592
7459,1017
7460,1192
7461,1548
7462,2179
7463,1293
7464,1219
7465,1724
7466,1484
7467,1356
7468,1233
7469,1181
7470,2490
7471,1236
7472,1118
7473,1332
7474,1883
7475,2340
7476,1791
7477,1409
7478,1942
7479,1756
7480,1255
7481,1277
7482,1418
7483,1093
7484,1190
7485,1881
7486,1145
7487,1293
7488,1335
7489,1346
7490,1708
7491,1805
7492,2217
7493,1221
7494,2668
7495,1322
7496,1976
7497,1241
7498,3122
7499,2827
7500,2059
7501,1217
7502,1172
7503,2325
7504,1702
7505,1776
7506,1765
7507,1271
7508,1190
7509,1038
7510,1608
7511,1320
7512,1439
7513,1371
7514,1674
7515,1601
7516,1579
7517,1374
7518,2474
7519,2023
7520,1104
7521,1978
7522,1559
7523,1510
7524,1142
7525,1972
7526,1335
7527,1180
7528,2469
7529,1230
7530,2073
7531,1816
7532,1961
